,what is your age group?,what is your occupation?,how many hours per day do you spend online?,what device do you use most to access the internet?,what is the total number of social media platforms that you use?,which social media platforms do you use regularly?,what is your most used social media platform?,could you spend an entire week without social media?,the first thing you do after walking up is scroll through your social media account.,what do you primarily use the internet for?,which activities do you engage in most on social media?,do you purchase premium subscriptions for social media platforms? (like spotify or netflix premium),how often do you find yourself distracted while working or studying due to social media?,do you use tools or apps to manage distractions?,what types of notifications or distractions affect you the most?,"have you ever paid to support a content creator? (e.g., membership, subscription)",do you feel like attention is being monetized by platforms?,category
0,18-24,Student,Less than 2,Smartphone,4 +,"Snapchat, Twitch, Spotify",YouTube,"Yes, ofcourse.",No,"Social Media, News","Shopping, Liking, Sharing and Commenting",No,Sometimes,No,"Social Media notifications, Suggested videos or content, Messages (Text, Emails, Chats)",No,No,Moderately Aware
1,18-24,Working Professional,Less than 2,Smartphone,3,"Facebook, Instagram, X, Spotify",YouTube,"Yes, ofcourse.",No,"News, Social Media, Gaming","Liking, Sharing and Commenting, Watching Videos, Shopping",No,Sometimes,No,"Ads and Pop-ups, Messages (Text, Emails, Chats)",No,Yes,Highly Aware
2,18-24,Student,"""6-8""",Smartphone,4 +,"Facebook, Reddit, X, YouTube",YouTube,"No, it's too difficult.",No,"Studying/Work, News","Watching Videos, Shopping, Posting Content",No,Rarely,No,"Social Media notifications, Messages (Text, Emails, Chats), Suggested videos or content",No,Yes,Moderately Aware
3,35-44,Student,Less than 2,Laptop/Computer,4 +,"Snapchat, YouTube",Instagram,"Yes, ofcourse.","Yes, even though I know that's a bad routine.","Gaming, News, Shopping","Posting Content, Shopping, Watching Videos",No,Often,Yes,"Ads and Pop-ups, Messages (Text, Emails, Chats)",No,No,Moderately Aware
4,25-34,Working Professional,"""2-4""",Smartphone,4 +,"X, Pinterest",Instagram,"No, it's too difficult.",No,"Entertainment, Social Media, Gaming","Watching Videos, Shopping, Posting Content",Yes,Rarely,Yes,"Social Media notifications, Trending posts or updates, Ads and Pop-ups",No,Yes,Highly Aware
5,18-24,Student,"""2-4""",Laptop/Computer,2,"X, Whatsapp",YouTube,"Yes, ofcourse.",No,"Entertainment, Social Media","Liking, Sharing and Commenting, Watching Videos, Shopping",Yes,Rarely,No,Social Media notifications,No,Yes,Highly Aware
6,18-24,Student,"""4-6""",Smartphone,3,"Snapchat, Telegram",Whatsapp,"Yes, ofcourse.",No,"Studying/Work, Entertainment, Gaming","Shopping, Watching Videos, Liking, Sharing and Commenting",No,Often,No,"Messages (Text, Emails, Chats), Suggested videos or content",No,Yes,Moderately Aware
7,18-24,Student,"""6-8""",Smartphone,4 +,"Telegram, Pinterest",YouTube,"No, it's too difficult.","Yes, even though I know that's a bad routine.","Gaming, News, Studying/Work","Liking, Sharing and Commenting, Posting Content, Watching Videos, Shopping",Yes,Very Often,No,"Ads and Pop-ups, Social Media notifications, Trending posts or updates",No,Yes,Moderately Aware
8,18-24,Student,"""2-4""",Smartphone,3,"YouTube, X, Tiktok, Snapchat",Instagram,"Yes, ofcourse.",No,"News, Shopping","Shopping, Posting Content",Yes,Often,No,"Social Media notifications, Suggested videos or content, Trending posts or updates",No,Yes,Highly Aware
9,18-24,Student,"""2-4""",Smartphone,3,"YouTube, LinkedIn, Reddit, Telegram",X,"No, it's too difficult.",No,"Shopping, Gaming, News","Posting Content, Liking, Sharing and Commenting",No,Rarely,Yes,"Messages (Text, Emails, Chats), Suggested videos or content",No,Yes,Highly Aware
10,18-24,Student,"""4-6""",Tablet/iPad,4 +,"Facebook, Instagram",Instagram,"No, it's too difficult.","Yes, even though I know that's a bad routine.","Entertainment, News","Liking, Sharing and Commenting, Watching Videos, Posting Content, Shopping",No,Sometimes,Yes,"Suggested videos or content, Social Media notifications, Ads and Pop-ups",No,No,Unaware
11,25-34,Student,More than 8,Smartphone,3,"Spotify, Twitch, Telegram",Spotify,"Yes, ofcourse.","Yes, even though I know that's a bad routine.","Studying/Work, Entertainment, Gaming","Liking, Sharing and Commenting, Shopping, Watching Videos",No,Sometimes,Yes,"Messages (Text, Emails, Chats), Suggested videos or content, Social Media notifications",No,Yes,Unaware
12,18,Working Professional,Less than 2,Smartphone,4 +,"Tiktok, Spotify, YouTube",Spotify,"Yes, ofcourse.",No,"Gaming, Studying/Work","Watching Videos, Shopping, Posting Content, Liking, Sharing and Commenting",Yes,Rarely,Yes,"Messages (Text, Emails, Chats)",No,Yes,Highly Aware
13,18-24,Student,Less than 2,Smartphone,3,"Instagram, Twitch, Pinterest, Telegram",YouTube,"Yes, ofcourse.","Yes, even though I know that's a bad routine.","Studying/Work, News","Posting Content, Watching Videos, Liking, Sharing and Commenting",No,Rarely,Yes,Trending posts or updates,No,Yes,Highly Aware
14,18-24,Student,"""6-8""",Smartphone,4 +,"Pinterest, Facebook, Instagram",Instagram,"No, it's too difficult.","Yes, even though I know that's a bad routine.","News, Entertainment, Gaming","Shopping, Posting Content",No,Sometimes,Yes,"Social Media notifications, Ads and Pop-ups, Messages (Text, Emails, Chats)",No,Yes,Moderately Aware
15,18-24,Student,"""2-4""",Laptop/Computer,3,"Facebook, Spotify",Instagram,"Yes, ofcourse.","Yes, even though I know that's a bad routine.","Social Media, Studying/Work","Shopping, Liking, Sharing and Commenting, Posting Content",No,Sometimes,No,"Suggested videos or content, Ads and Pop-ups, Social Media notifications",No,Yes,Highly Aware
16,45-54,Student,Less than 2,Smartphone,2,"Twitch, Pinterest",Instagram,"Yes, ofcourse.","Yes, even though I know that's a bad routine.","Entertainment, Studying/Work","Posting Content, Shopping, Watching Videos",No,Sometimes,Yes,"Suggested videos or content, Trending posts or updates",No,Yes,Highly Aware
17,18-24,Student,"""4-6""",Smartphone,4 +,"LinkedIn, YouTube",Instagram,"Yes, ofcourse.",No,"Social Media, Shopping, Studying/Work","Liking, Sharing and Commenting, Watching Videos",Yes,Often,Yes,"Ads and Pop-ups, Suggested videos or content",No,Yes,Moderately Aware
18,18-24,Student,"""2-4""",Smartphone,3,"Instagram, Reddit, LinkedIn, Twitch",YouTube,"Yes, ofcourse.",No,"Shopping, Social Media, News","Liking, Sharing and Commenting, Shopping",No,Sometimes,Yes,"Suggested videos or content, Ads and Pop-ups, Social Media notifications",No,Yes,Highly Aware
19,18-24,Student,"""6-8""",Smartphone,3,"X, YouTube, Tiktok, LinkedIn",Instagram,"Yes, ofcourse.","Yes, even though I know that's a bad routine.","Studying/Work, Shopping, News","Shopping, Liking, Sharing and Commenting",No,Sometimes,Yes,"Messages (Text, Emails, Chats), Social Media notifications",No,Yes,Moderately Aware
20,18-24,Student,"""2-4""",Smartphone,4 +,"YouTube, LinkedIn",Instagram,"No, it's too difficult.",No,"Entertainment, Social Media","Liking, Sharing and Commenting, Posting Content, Watching Videos, Shopping",Yes,Often,Yes,"Ads and Pop-ups, Social Media notifications, Trending posts or updates",No,Yes,Highly Aware
21,55+,Student,Less than 2,Smartphone,4 +,"Facebook, Pinterest",YouTube,"No, it's too difficult.","Yes, even though I know that's a bad routine.","Shopping, News","Watching Videos, Shopping",No,Never,No,Social Media notifications,No,Yes,Highly Aware
22,18-24,Student,"""6-8""",Laptop/Computer,4 +,"Instagram, Facebook, Telegram, Whatsapp",YouTube,"Yes, ofcourse.",No,"Gaming, Shopping","Shopping, Posting Content, Liking, Sharing and Commenting",Yes,Often,Yes,"Suggested videos or content, Messages (Text, Emails, Chats)",No,Yes,Moderately Aware
23,25-34,Student,More than 8,Smartphone,4 +,"Pinterest, Instagram, Reddit, Telegram",YouTube,"Yes, ofcourse.",No,"Shopping, News","Liking, Sharing and Commenting, Shopping",No,Often,No,Social Media notifications,No,Yes,Unaware
24,18-24,Student,"""2-4""",Smartphone,4 +,"Instagram, X",Spotify,"No, it's too difficult.","Yes, even though I know that's a bad routine.","Gaming, Social Media, News","Shopping, Watching Videos, Liking, Sharing and Commenting, Posting Content",No,Very Often,Yes,"Trending posts or updates, Messages (Text, Emails, Chats)",No,Yes,Highly Aware
25,55+,Student,More than 8,Smartphone,2,"Whatsapp, Twitch, YouTube",YouTube,"No, it's too difficult.","Yes, even though I know that's a bad routine.","Social Media, News","Watching Videos, Liking, Sharing and Commenting, Shopping, Posting Content",No,Often,No,"Social Media notifications, Suggested videos or content, Messages (Text, Emails, Chats)",No,Yes,Unaware
26,18-24,Student,"""4-6""",Laptop/Computer,3,"X, Pinterest, Telegram",Snapchat,"Yes, ofcourse.","Yes, even though I know that's a bad routine.","News, Gaming, Entertainment","Shopping, Liking, Sharing and Commenting, Posting Content, Watching Videos",No,Often,Yes,"Ads and Pop-ups, Suggested videos or content, Social Media notifications",No,No,Unaware
27,18-24,Student,"""2-4""",Smartphone,3,"X, Pinterest, Spotify, Twitch",Instagram,"Yes, ofcourse.","Yes, even though I know that's a bad routine.","Entertainment, Gaming","Posting Content, Shopping, Watching Videos",No,Very Often,Yes,"Trending posts or updates, Suggested videos or content",No,Yes,Highly Aware
28,25-34,Student,"""2-4""",Tablet/iPad,3,"LinkedIn, YouTube, Tiktok, Twitch",Instagram,"Yes, ofcourse.",No,"Gaming, Social Media, News","Posting Content, Watching Videos",Yes,Rarely,No,"Ads and Pop-ups, Trending posts or updates",No,Yes,Highly Aware
29,18-24,Student,"""2-4""",Smartphone,4 +,"YouTube, Tiktok",Instagram,"No, it's too difficult.",No,"Gaming, Entertainment","Liking, Sharing and Commenting, Shopping",No,Rarely,Yes,"Ads and Pop-ups, Social Media notifications",No,No,Moderately Aware
30,18-24,Student,Less than 2,Smartphone,4 +,"Whatsapp, LinkedIn, X",YouTube,"Yes, ofcourse.","Yes, even though I know that's a bad routine.","Entertainment, Studying/Work, Social Media","Posting Content, Shopping, Liking, Sharing and Commenting",No,Very Often,Yes,"Trending posts or updates, Suggested videos or content",No,Yes,Highly Aware
31,18,Student,"""4-6""",Smartphone,4 +,"Twitch, Reddit, Whatsapp, Spotify",Instagram,"No, it's too difficult.","Yes, even though I know that's a bad routine.","Gaming, Social Media","Posting Content, Liking, Sharing and Commenting, Watching Videos",No,Often,Yes,"Trending posts or updates, Social Media notifications",No,No,Unaware
32,25-34,Student,"""6-8""",Smartphone,4 +,"Snapchat, Tiktok",Facebook,"No, it's too difficult.",No,"Gaming, News","Shopping, Posting Content, Watching Videos",Yes,Rarely,No,"Messages (Text, Emails, Chats)",Yes,Yes,Moderately Aware
33,18-24,Working Professional,More than 8,Laptop/Computer,4 +,"Spotify, Instagram",Instagram,"No, it's too difficult.",No,"News, Shopping","Liking, Sharing and Commenting, Watching Videos, Shopping",No,Often,No,"Trending posts or updates, Messages (Text, Emails, Chats), Ads and Pop-ups",No,Yes,Unaware
34,18-24,Student,"""6-8""",Laptop/Computer,3,"Snapchat, Instagram, X",YouTube,"Yes, ofcourse.","Yes, even though I know that's a bad routine.","Social Media, Entertainment, Gaming","Posting Content, Liking, Sharing and Commenting, Watching Videos, Shopping",No,Often,No,Trending posts or updates,No,Yes,Moderately Aware
35,18-24,Student,"""2-4""",Smartphone,4 +,"Pinterest, Telegram, Reddit",Instagram,"Yes, ofcourse.",No,"Studying/Work, Gaming, News","Posting Content, Shopping",No,Rarely,Yes,"Trending posts or updates, Messages (Text, Emails, Chats)",No,Yes,Highly Aware
36,25-34,Student,"""4-6""",Smartphone,3,"Telegram, Instagram, LinkedIn, Tiktok",Instagram,"No, it's too difficult.",No,"News, Shopping, Social Media","Watching Videos, Shopping, Liking, Sharing and Commenting",Yes,Often,No,"Messages (Text, Emails, Chats), Social Media notifications",No,Yes,Moderately Aware
37,45-54,Student,More than 8,Smartphone,4 +,"Facebook, YouTube",Instagram,"Yes, ofcourse.",No,"Entertainment, News, Gaming","Watching Videos, Shopping, Liking, Sharing and Commenting, Posting Content",Yes,Sometimes,Yes,"Ads and Pop-ups, Trending posts or updates",No,No,Unaware
38,18-24,Student,"""4-6""",Smartphone,3,"Pinterest, Reddit, Telegram",Instagram,"No, it's too difficult.",No,"Social Media, Shopping","Shopping, Liking, Sharing and Commenting, Watching Videos",No,Sometimes,Yes,Trending posts or updates,No,Yes,Moderately Aware
39,55+,Student,More than 8,Smartphone,4 +,"Telegram, X, Reddit, LinkedIn",Instagram,"Yes, ofcourse.",No,"Social Media, News","Watching Videos, Posting Content, Liking, Sharing and Commenting",Yes,Sometimes,Yes,"Ads and Pop-ups, Trending posts or updates, Messages (Text, Emails, Chats)",No,Yes,Unaware
40,25-34,Student,"""2-4""",Smartphone,3,"Spotify, X, Whatsapp",Instagram,"Yes, ofcourse.","Yes, even though I know that's a bad routine.","News, Shopping","Shopping, Posting Content, Watching Videos",Yes,Often,Yes,Trending posts or updates,No,Yes,Highly Aware
41,18-24,Student,"""2-4""",Smartphone,3,"Tiktok, Facebook",Whatsapp,"No, it's too difficult.","Yes, even though I know that's a bad routine.","Social Media, News","Liking, Sharing and Commenting, Posting Content, Watching Videos, Shopping",Yes,Sometimes,Yes,"Ads and Pop-ups, Social Media notifications, Suggested videos or content",No,Yes,Highly Aware
42,18-24,Student,"""2-4""",Smartphone,3,"Pinterest, Facebook, Tiktok, LinkedIn",Instagram,"No, it's too difficult.",No,"News, Social Media","Watching Videos, Shopping, Liking, Sharing and Commenting, Posting Content",Yes,Often,Yes,"Social Media notifications, Trending posts or updates",No,Yes,Highly Aware
43,25-34,Student,"""2-4""",Smartphone,4 +,"Pinterest, Snapchat",YouTube,"No, it's too difficult.",No,"Entertainment, Shopping","Liking, Sharing and Commenting, Watching Videos, Shopping",No,Rarely,No,"Trending posts or updates, Social Media notifications",No,Yes,Highly Aware
44,18-24,Student,"""6-8""",Laptop/Computer,4 +,"Pinterest, Instagram, LinkedIn",Instagram,"Yes, ofcourse.","Yes, even though I know that's a bad routine.","Studying/Work, News","Shopping, Liking, Sharing and Commenting, Watching Videos, Posting Content",No,Very Often,No,"Messages (Text, Emails, Chats)",No,Yes,Moderately Aware
45,55+,Student,"""2-4""",Smartphone,4 +,"Whatsapp, Snapchat",YouTube,"No, it's too difficult.",No,"Studying/Work, News, Gaming","Posting Content, Shopping",Yes,Sometimes,Yes,Social Media notifications,No,Yes,Highly Aware
46,18-24,Student,"""6-8""",Laptop/Computer,2,"Whatsapp, Tiktok, Facebook",Instagram,"No, it's too difficult.",No,"Studying/Work, Entertainment","Posting Content, Watching Videos, Liking, Sharing and Commenting, Shopping",No,Often,Yes,"Ads and Pop-ups, Social Media notifications",No,Yes,Moderately Aware
47,55+,Student,"""4-6""",Smartphone,4 +,"YouTube, Pinterest",Facebook,"No, it's too difficult.","Yes, even though I know that's a bad routine.","News, Studying/Work","Watching Videos, Shopping, Liking, Sharing and Commenting, Posting Content",No,Sometimes,No,Ads and Pop-ups,Yes,No,Unaware
48,18-24,Student,"""2-4""",Laptop/Computer,4 +,"Snapchat, Twitch, Whatsapp, Instagram",LinkedIn,"Yes, ofcourse.",No,"Studying/Work, News, Gaming","Liking, Sharing and Commenting, Shopping, Posting Content",No,Sometimes,Yes,"Ads and Pop-ups, Social Media notifications",No,Yes,Highly Aware
49,18-24,Student,"""2-4""",Smartphone,2,"Reddit, Pinterest",YouTube,"No, it's too difficult.",No,"Studying/Work, Shopping","Watching Videos, Shopping",No,Sometimes,No,"Ads and Pop-ups, Messages (Text, Emails, Chats)",No,Yes,Highly Aware
50,18-24,Student,"""6-8""",Smartphone,4 +,"Reddit, Telegram, Spotify",YouTube,"No, it's too difficult.",No,"Studying/Work, Entertainment, Gaming","Posting Content, Liking, Sharing and Commenting, Watching Videos",Yes,Rarely,Yes,"Social Media notifications, Ads and Pop-ups, Messages (Text, Emails, Chats)",No,Yes,Moderately Aware
51,18-24,Student,Less than 2,Smartphone,4 +,"Whatsapp, Snapchat, Twitch",Instagram,"Yes, ofcourse.","Yes, even though I know that's a bad routine.","Entertainment, Gaming","Liking, Sharing and Commenting, Posting Content",No,Sometimes,No,Ads and Pop-ups,No,Yes,Highly Aware
52,18-24,Student,"""4-6""",Smartphone,4 +,"Facebook, YouTube, Spotify",Whatsapp,"Yes, ofcourse.",No,"Social Media, Gaming","Liking, Sharing and Commenting, Watching Videos, Shopping, Posting Content",No,Sometimes,Yes,"Ads and Pop-ups, Suggested videos or content, Social Media notifications",No,Yes,Moderately Aware
53,18-24,Student,"""2-4""",Smartphone,3,"Facebook, Whatsapp, LinkedIn",YouTube,"No, it's too difficult.","Yes, even though I know that's a bad routine.","Shopping, Studying/Work, Entertainment","Watching Videos, Shopping, Liking, Sharing and Commenting",No,Sometimes,No,Trending posts or updates,No,Yes,Highly Aware
54,25-34,Student,Less than 2,Smartphone,3,"Pinterest, Instagram, Snapchat, Spotify",YouTube,"Yes, ofcourse.","Yes, even though I know that's a bad routine.","Studying/Work, Shopping","Shopping, Liking, Sharing and Commenting, Watching Videos, Posting Content",No,Sometimes,Yes,Ads and Pop-ups,Yes,No,Moderately Aware
55,18-24,Student,Less than 2,Laptop/Computer,2,"Pinterest, LinkedIn",Instagram,"No, it's too difficult.","Yes, even though I know that's a bad routine.","Shopping, Gaming","Shopping, Posting Content, Liking, Sharing and Commenting",No,Never,No,"Suggested videos or content, Messages (Text, Emails, Chats)",No,Yes,Highly Aware
56,18-24,Student,"""4-6""",Smartphone,3,"Pinterest, Facebook, Whatsapp",Instagram,"No, it's too difficult.","Yes, even though I know that's a bad routine.","Entertainment, Social Media, Shopping","Liking, Sharing and Commenting, Posting Content, Watching Videos",Yes,Very Often,Yes,"Messages (Text, Emails, Chats)",Yes,Yes,Moderately Aware
57,18-24,Student,More than 8,Laptop/Computer,4 +,"Instagram, Tiktok",YouTube,"Yes, ofcourse.",No,"Shopping, News, Studying/Work","Watching Videos, Posting Content, Liking, Sharing and Commenting, Shopping",Yes,Sometimes,No,Ads and Pop-ups,No,Yes,Unaware
58,18-24,Student,"""4-6""",Laptop/Computer,3,"Spotify, Instagram, Reddit, Whatsapp",Instagram,"No, it's too difficult.","Yes, even though I know that's a bad routine.","Entertainment, Studying/Work","Posting Content, Liking, Sharing and Commenting",No,Sometimes,No,Ads and Pop-ups,No,Yes,Moderately Aware
59,18-24,Working Professional,Less than 2,Laptop/Computer,2,"X, Pinterest",Spotify,"Yes, ofcourse.","Yes, even though I know that's a bad routine.","Gaming, Studying/Work","Liking, Sharing and Commenting, Watching Videos, Posting Content, Shopping",No,Often,No,"Suggested videos or content, Messages (Text, Emails, Chats)",Yes,Yes,Highly Aware
60,18-24,Student,"""2-4""",Laptop/Computer,2,"Pinterest, Tiktok, Telegram",Instagram,"No, it's too difficult.","Yes, even though I know that's a bad routine.","News, Entertainment, Shopping","Liking, Sharing and Commenting, Posting Content",No,Often,Yes,"Messages (Text, Emails, Chats), Suggested videos or content",No,No,Moderately Aware
61,18-24,Student,"""4-6""",Smartphone,4 +,"Tiktok, Telegram, Whatsapp, Snapchat",Instagram,"Yes, ofcourse.","Yes, even though I know that's a bad routine.","Shopping, Studying/Work","Shopping, Watching Videos, Posting Content, Liking, Sharing and Commenting",No,Sometimes,Yes,"Messages (Text, Emails, Chats), Trending posts or updates, Suggested videos or content",No,No,Unaware
62,18,Student,"""6-8""",Laptop/Computer,4 +,"X, Reddit",LinkedIn,"Yes, ofcourse.","Yes, even though I know that's a bad routine.","Studying/Work, Social Media","Liking, Sharing and Commenting, Posting Content, Shopping, Watching Videos",No,Sometimes,Yes,Suggested videos or content,No,Yes,Moderately Aware
63,45-54,Student,"""2-4""",Laptop/Computer,3,"LinkedIn, Snapchat, Instagram",Instagram,"Yes, ofcourse.","Yes, even though I know that's a bad routine.","Entertainment, Studying/Work","Watching Videos, Liking, Sharing and Commenting",No,Sometimes,Yes,Ads and Pop-ups,No,Yes,Highly Aware
64,18-24,Student,Less than 2,Smartphone,2,"Instagram, Telegram, Snapchat",Instagram,"Yes, ofcourse.","Yes, even though I know that's a bad routine.","Shopping, Gaming, Social Media","Watching Videos, Liking, Sharing and Commenting",No,Very Often,No,"Ads and Pop-ups, Messages (Text, Emails, Chats)",No,Yes,Highly Aware
65,18-24,Student,"""4-6""",Smartphone,4 +,"LinkedIn, Pinterest, Snapchat, Whatsapp",Facebook,"No, it's too difficult.",No,"Shopping, News","Liking, Sharing and Commenting, Posting Content, Shopping, Watching Videos",No,Often,Yes,"Trending posts or updates, Messages (Text, Emails, Chats)",No,Yes,Moderately Aware
66,25-34,Student,"""4-6""",Smartphone,4 +,"LinkedIn, Pinterest, Whatsapp",YouTube,"Yes, ofcourse.",No,"Shopping, News, Entertainment","Watching Videos, Shopping, Posting Content, Liking, Sharing and Commenting",No,Often,No,"Trending posts or updates, Social Media notifications, Ads and Pop-ups",No,Yes,Moderately Aware
67,25-34,Student,"""6-8""",Smartphone,3,"Pinterest, YouTube, Telegram",X,"Yes, ofcourse.",No,"Shopping, Social Media, Gaming","Posting Content, Shopping, Watching Videos",No,Often,Yes,"Ads and Pop-ups, Suggested videos or content, Trending posts or updates",No,Yes,Moderately Aware
68,18-24,Student,"""4-6""",Smartphone,2,"Twitch, LinkedIn, Telegram, Snapchat",Spotify,"Yes, ofcourse.","Yes, even though I know that's a bad routine.","News, Gaming","Posting Content, Shopping, Liking, Sharing and Commenting, Watching Videos",No,Sometimes,No,"Suggested videos or content, Messages (Text, Emails, Chats), Social Media notifications",No,Yes,Moderately Aware
69,18-24,Student,"""6-8""",Smartphone,3,"LinkedIn, X, Snapchat, Spotify",YouTube,"No, it's too difficult.","Yes, even though I know that's a bad routine.","Shopping, Studying/Work","Watching Videos, Posting Content, Shopping",No,Very Often,No,"Trending posts or updates, Social Media notifications",No,Yes,Moderately Aware
70,18,Working Professional,"""2-4""",Smartphone,4 +,"LinkedIn, Instagram, Pinterest",Spotify,"Yes, ofcourse.",No,"Social Media, News","Posting Content, Watching Videos, Liking, Sharing and Commenting, Shopping",No,Sometimes,No,"Trending posts or updates, Social Media notifications",No,Yes,Highly Aware
71,18-24,Student,Less than 2,Laptop/Computer,2,"Spotify, Tiktok, Telegram, YouTube",Instagram,"Yes, ofcourse.",No,"News, Gaming, Social Media","Posting Content, Watching Videos, Shopping",No,Often,Yes,"Social Media notifications, Ads and Pop-ups, Messages (Text, Emails, Chats)",No,Yes,Highly Aware
72,18-24,Student,"""2-4""",Laptop/Computer,4 +,"X, Pinterest, Twitch",YouTube,"Yes, ofcourse.",No,"News, Shopping","Watching Videos, Liking, Sharing and Commenting, Posting Content, Shopping",No,Often,No,"Social Media notifications, Ads and Pop-ups",No,Yes,Highly Aware
73,18-24,Student,"""2-4""",Smartphone,4 +,"Telegram, Snapchat, YouTube, Pinterest",Spotify,"No, it's too difficult.",No,"Studying/Work, Social Media","Posting Content, Liking, Sharing and Commenting, Watching Videos",No,Sometimes,Yes,Trending posts or updates,No,Yes,Highly Aware
74,35-44,Working Professional,"""2-4""",Laptop/Computer,3,"Reddit, X, Spotify, Snapchat",LinkedIn,"No, it's too difficult.",No,"News, Shopping, Gaming","Posting Content, Watching Videos",No,Rarely,No,Trending posts or updates,No,Yes,Highly Aware
75,25-34,Student,"""4-6""",Smartphone,4 +,"Twitch, Snapchat, LinkedIn, Whatsapp",Instagram,"No, it's too difficult.",No,"Gaming, Shopping","Posting Content, Shopping, Liking, Sharing and Commenting, Watching Videos",No,Often,Yes,"Suggested videos or content, Messages (Text, Emails, Chats), Trending posts or updates",No,No,Unaware
76,18-24,Student,"""6-8""",Smartphone,2,"X, YouTube, Twitch",Instagram,"Yes, ofcourse.",No,"Gaming, Shopping","Liking, Sharing and Commenting, Posting Content",No,Often,Yes,"Suggested videos or content, Messages (Text, Emails, Chats)",No,Yes,Moderately Aware
77,18-24,Student,"""6-8""",Smartphone,2,"Pinterest, Telegram, Tiktok",YouTube,"Yes, ofcourse.",No,"Gaming, Social Media","Liking, Sharing and Commenting, Posting Content, Shopping",No,Often,No,"Suggested videos or content, Trending posts or updates, Social Media notifications",No,Yes,Moderately Aware
78,18-24,Student,"""6-8""",Smartphone,2,"Snapchat, Telegram",YouTube,"Yes, ofcourse.",No,"Entertainment, Shopping, Studying/Work","Watching Videos, Shopping",No,Sometimes,No,"Ads and Pop-ups, Social Media notifications, Suggested videos or content",No,Yes,Moderately Aware
79,45-54,Student,"""4-6""",Smartphone,2,"Telegram, LinkedIn, X",Instagram,"Yes, ofcourse.","Yes, even though I know that's a bad routine.","Social Media, Shopping, Studying/Work","Liking, Sharing and Commenting, Posting Content",No,Often,Yes,"Suggested videos or content, Ads and Pop-ups, Messages (Text, Emails, Chats)",No,Yes,Moderately Aware
80,25-34,Working Professional,"""2-4""",Smartphone,4 +,"LinkedIn, YouTube, Telegram",Spotify,"No, it's too difficult.",No,"Entertainment, News, Studying/Work","Watching Videos, Shopping",No,Sometimes,No,"Ads and Pop-ups, Suggested videos or content, Trending posts or updates",No,No,Moderately Aware
81,25-34,Student,"""4-6""",Smartphone,2,"Snapchat, Twitch",YouTube,"No, it's too difficult.",No,"News, Gaming","Liking, Sharing and Commenting, Shopping, Watching Videos",No,Sometimes,No,"Trending posts or updates, Suggested videos or content, Social Media notifications",No,Yes,Moderately Aware
82,25-34,Working Professional,"""2-4""",Smartphone,3,"X, Twitch",Instagram,"No, it's too difficult.","Yes, even though I know that's a bad routine.","Gaming, Social Media","Watching Videos, Shopping",Yes,Often,No,Suggested videos or content,No,Yes,Highly Aware
83,18-24,Student,"""2-4""",Smartphone,4 +,"Whatsapp, YouTube",Instagram,"Yes, ofcourse.","Yes, even though I know that's a bad routine.","Gaming, Studying/Work, Entertainment","Posting Content, Shopping, Watching Videos, Liking, Sharing and Commenting",No,Very Often,Yes,"Social Media notifications, Trending posts or updates",No,Yes,Highly Aware
84,25-34,Student,"""4-6""",Smartphone,2,"Spotify, Telegram, Snapchat",Instagram,"No, it's too difficult.",No,"Gaming, Shopping","Watching Videos, Shopping, Liking, Sharing and Commenting, Posting Content",No,Sometimes,No,"Ads and Pop-ups, Trending posts or updates",No,Yes,Moderately Aware
85,18-24,Student,"""2-4""",Smartphone,3,"Facebook, Reddit",YouTube,"No, it's too difficult.","Yes, even though I know that's a bad routine.","Shopping, Social Media","Posting Content, Liking, Sharing and Commenting",No,Sometimes,No,Ads and Pop-ups,No,Yes,Highly Aware
86,18,Student,Less than 2,Smartphone,2,"Whatsapp, YouTube, Reddit",Spotify,"Yes, ofcourse.","Yes, even though I know that's a bad routine.","Social Media, Studying/Work, Entertainment","Watching Videos, Liking, Sharing and Commenting",Yes,Never,Yes,Social Media notifications,No,Yes,Highly Aware
87,18-24,Student,"""6-8""",Smartphone,3,"Reddit, LinkedIn",YouTube,"No, it's too difficult.",No,"News, Shopping, Gaming","Liking, Sharing and Commenting, Shopping, Watching Videos, Posting Content",No,Often,No,"Messages (Text, Emails, Chats)",No,Yes,Moderately Aware
88,18-24,Student,"""6-8""",Smartphone,4 +,"Snapchat, Telegram",Twitch,"Yes, ofcourse.",No,"Shopping, Studying/Work, Social Media","Liking, Sharing and Commenting, Watching Videos, Posting Content",Yes,Sometimes,Yes,Ads and Pop-ups,No,No,Unaware
89,55+,Student,Less than 2,Smartphone,3,"Telegram, X, Spotify",YouTube,"Yes, ofcourse.","Yes, even though I know that's a bad routine.","Shopping, Studying/Work, Social Media","Liking, Sharing and Commenting, Shopping, Posting Content, Watching Videos",No,Rarely,No,"Ads and Pop-ups, Messages (Text, Emails, Chats)",No,Yes,Highly Aware
90,25-34,Student,"""4-6""",Laptop/Computer,3,"Telegram, LinkedIn, X",Instagram,"No, it's too difficult.",No,"News, Social Media","Posting Content, Shopping",No,Sometimes,No,"Social Media notifications, Ads and Pop-ups",No,Yes,Moderately Aware
91,18-24,Student,"""6-8""",Smartphone,2,"YouTube, Tiktok",Instagram,"Yes, ofcourse.",No,"Shopping, News","Liking, Sharing and Commenting, Shopping, Watching Videos",Yes,Sometimes,No,"Ads and Pop-ups, Messages (Text, Emails, Chats), Social Media notifications",No,Yes,Moderately Aware
92,18-24,Student,Less than 2,Smartphone,2,"Spotify, Whatsapp, YouTube",YouTube,"Yes, ofcourse.","Yes, even though I know that's a bad routine.","Entertainment, Social Media, Gaming","Shopping, Posting Content, Watching Videos, Liking, Sharing and Commenting",No,Often,No,"Ads and Pop-ups, Messages (Text, Emails, Chats)",No,No,Moderately Aware
93,18-24,Student,"""2-4""",Smartphone,4 +,"X, LinkedIn, Whatsapp, Snapchat",YouTube,"Yes, ofcourse.",No,"Gaming, Studying/Work","Liking, Sharing and Commenting, Watching Videos, Posting Content, Shopping",No,Sometimes,No,"Social Media notifications, Ads and Pop-ups",No,Yes,Highly Aware
94,18-24,Student,Less than 2,Laptop/Computer,3,"Twitch, X, Snapchat",Instagram,"Yes, ofcourse.","Yes, even though I know that's a bad routine.","Social Media, Shopping, Gaming","Liking, Sharing and Commenting, Watching Videos",Yes,Often,No,"Messages (Text, Emails, Chats), Social Media notifications",No,Yes,Highly Aware
95,18-24,Student,"""4-6""",Laptop/Computer,4 +,"LinkedIn, Facebook, Spotify, Tiktok",YouTube,"Yes, ofcourse.",No,"News, Studying/Work","Posting Content, Liking, Sharing and Commenting, Shopping",No,Often,No,"Messages (Text, Emails, Chats)",No,Yes,Moderately Aware
96,25-34,Student,"""2-4""",Laptop/Computer,2,"Telegram, Reddit",YouTube,"No, it's too difficult.",No,"News, Gaming","Posting Content, Watching Videos, Shopping",No,Rarely,Yes,"Messages (Text, Emails, Chats)",Yes,No,Moderately Aware
97,18-24,Student,"""2-4""",Smartphone,3,"Whatsapp, Pinterest, YouTube",Facebook,"No, it's too difficult.","Yes, even though I know that's a bad routine.","Studying/Work, Social Media","Liking, Sharing and Commenting, Posting Content, Watching Videos",No,Never,No,Ads and Pop-ups,No,No,Moderately Aware
98,18-24,Student,"""4-6""",Smartphone,4 +,"Snapchat, Tiktok, Reddit",Instagram,"No, it's too difficult.",No,"Shopping, Studying/Work","Shopping, Posting Content, Liking, Sharing and Commenting, Watching Videos",No,Often,Yes,Trending posts or updates,No,Yes,Moderately Aware
99,18-24,Student,Less than 2,Smartphone,3,"Pinterest, YouTube, Telegram, Instagram",Spotify,"No, it's too difficult.",No,"Gaming, Studying/Work","Watching Videos, Liking, Sharing and Commenting, Posting Content, Shopping",No,Often,No,"Social Media notifications, Trending posts or updates, Suggested videos or content",No,No,Moderately Aware
100,18-24,Student,Less than 2,Smartphone,4 +,"Twitch, Reddit",Instagram,"Yes, ofcourse.",No,"Social Media, Entertainment","Shopping, Posting Content, Watching Videos, Liking, Sharing and Commenting",No,Sometimes,Yes,Social Media notifications,No,Yes,Highly Aware
101,18-24,Student,"""4-6""",Smartphone,4 +,"Spotify, Snapchat",YouTube,"No, it's too difficult.",No,"Entertainment, News","Posting Content, Liking, Sharing and Commenting",No,Often,No,"Messages (Text, Emails, Chats)",Yes,No,Unaware
102,18-24,Student,Less than 2,Smartphone,3,"Tiktok, Instagram",YouTube,"Yes, ofcourse.",No,"Shopping, Entertainment","Posting Content, Shopping, Liking, Sharing and Commenting",No,Sometimes,No,"Suggested videos or content, Trending posts or updates",No,Yes,Highly Aware
103,18-24,Student,"""6-8""",Smartphone,4 +,"Telegram, Reddit, Tiktok, YouTube",Instagram,"Yes, ofcourse.",No,"News, Social Media, Shopping","Posting Content, Liking, Sharing and Commenting, Watching Videos",No,Sometimes,Yes,Social Media notifications,No,Yes,Moderately Aware
104,18-24,Student,"""6-8""",Smartphone,2,"Snapchat, Instagram, Twitch, Spotify",Instagram,"No, it's too difficult.",No,"Entertainment, Gaming, Shopping","Posting Content, Watching Videos",No,Often,No,"Suggested videos or content, Social Media notifications, Ads and Pop-ups",No,Yes,Moderately Aware
105,18-24,Student,More than 8,Smartphone,3,"Twitch, Snapchat",YouTube,"No, it's too difficult.",No,"Entertainment, News","Watching Videos, Shopping",Yes,Often,No,"Trending posts or updates, Messages (Text, Emails, Chats), Social Media notifications",No,No,Unaware
106,18-24,Student,"""6-8""",Laptop/Computer,4 +,"Tiktok, Telegram, Reddit, LinkedIn",Twitch,"Yes, ofcourse.","Yes, even though I know that's a bad routine.","Social Media, News, Entertainment","Shopping, Posting Content, Watching Videos",No,Often,No,"Suggested videos or content, Messages (Text, Emails, Chats)",No,Yes,Moderately Aware
107,45-54,Student,"""2-4""",Smartphone,3,"Facebook, LinkedIn, Telegram",Instagram,"Yes, ofcourse.",No,"News, Entertainment, Studying/Work","Posting Content, Watching Videos, Liking, Sharing and Commenting",No,Sometimes,No,"Ads and Pop-ups, Suggested videos or content",No,Yes,Highly Aware
108,18-24,Student,More than 8,Smartphone,4 +,"Twitch, Facebook, Spotify, X",Instagram,"No, it's too difficult.","Yes, even though I know that's a bad routine.","Studying/Work, News","Shopping, Watching Videos, Liking, Sharing and Commenting, Posting Content",Yes,Rarely,Yes,Ads and Pop-ups,No,Yes,Unaware
109,18-24,Student,"""2-4""",Smartphone,3,"Pinterest, Twitch, Instagram, Snapchat",YouTube,"Yes, ofcourse.","Yes, even though I know that's a bad routine.","Shopping, Entertainment","Posting Content, Shopping, Liking, Sharing and Commenting, Watching Videos",Yes,Sometimes,No,"Social Media notifications, Messages (Text, Emails, Chats)",No,No,Moderately Aware
110,18-24,Student,"""2-4""",Smartphone,4 +,"Pinterest, YouTube, LinkedIn, X",Instagram,"Yes, ofcourse.","Yes, even though I know that's a bad routine.","Social Media, News","Posting Content, Watching Videos",No,Often,Yes,"Suggested videos or content, Messages (Text, Emails, Chats)",No,Yes,Highly Aware
111,18-24,Freelancer,"""6-8""",Smartphone,4 +,"X, LinkedIn",Reddit,"No, it's too difficult.","Yes, even though I know that's a bad routine.","News, Studying/Work","Watching Videos, Liking, Sharing and Commenting, Shopping, Posting Content",No,Often,Yes,"Trending posts or updates, Messages (Text, Emails, Chats), Suggested videos or content",Yes,Yes,Moderately Aware
112,18,Student,Less than 2,Smartphone,4 +,"YouTube, Facebook, Twitch",YouTube,"Yes, ofcourse.","Yes, even though I know that's a bad routine.","Shopping, News","Watching Videos, Shopping",No,Very Often,Yes,"Suggested videos or content, Social Media notifications, Ads and Pop-ups",No,Yes,Highly Aware
113,18-24,Working Professional,"""6-8""",Smartphone,4 +,"LinkedIn, Telegram, Facebook",Spotify,"No, it's too difficult.","Yes, even though I know that's a bad routine.","Studying/Work, Social Media, News","Posting Content, Watching Videos",No,Often,Yes,Social Media notifications,No,Yes,Moderately Aware
114,18-24,Student,Less than 2,Smartphone,3,"Facebook, X, Reddit",YouTube,"No, it's too difficult.","Yes, even though I know that's a bad routine.","Shopping, Gaming","Shopping, Watching Videos, Liking, Sharing and Commenting, Posting Content",No,Sometimes,Yes,Suggested videos or content,No,Yes,Highly Aware
115,18-24,Student,"""6-8""",Smartphone,4 +,"Instagram, Pinterest",YouTube,"Yes, ofcourse.",No,"Shopping, Studying/Work, News","Watching Videos, Liking, Sharing and Commenting, Shopping, Posting Content",No,Sometimes,Yes,"Messages (Text, Emails, Chats)",No,Yes,Moderately Aware
116,18,Student,"""4-6""",Smartphone,4 +,"YouTube, Spotify, LinkedIn",Spotify,"No, it's too difficult.",No,"Entertainment, Shopping","Shopping, Posting Content, Watching Videos",Yes,Sometimes,Yes,"Messages (Text, Emails, Chats), Trending posts or updates",No,Yes,Moderately Aware
117,18-24,Student,"""6-8""",Smartphone,4 +,"Whatsapp, Instagram, Snapchat, Reddit",Instagram,"Yes, ofcourse.","Yes, even though I know that's a bad routine.","Studying/Work, Entertainment","Posting Content, Liking, Sharing and Commenting, Watching Videos",No,Very Often,Yes,"Ads and Pop-ups, Messages (Text, Emails, Chats)",No,Yes,Moderately Aware
118,18-24,Student,"""6-8""",Smartphone,4 +,"Tiktok, X, Facebook",Instagram,"Yes, ofcourse.",No,"News, Social Media, Studying/Work","Shopping, Watching Videos, Liking, Sharing and Commenting, Posting Content",No,Sometimes,No,Ads and Pop-ups,No,Yes,Moderately Aware
119,18-24,Student,"""6-8""",Smartphone,2,"Pinterest, Instagram",YouTube,"Yes, ofcourse.",No,"News, Entertainment, Gaming","Watching Videos, Posting Content, Liking, Sharing and Commenting, Shopping",No,Sometimes,Yes,"Messages (Text, Emails, Chats), Suggested videos or content, Trending posts or updates",Yes,Yes,Moderately Aware
120,25-34,Student,"""2-4""",Smartphone,2,"Whatsapp, Pinterest",Spotify,"Yes, ofcourse.",No,"Entertainment, Studying/Work, News","Posting Content, Liking, Sharing and Commenting",No,Often,No,"Trending posts or updates, Social Media notifications",No,Yes,Highly Aware
121,18-24,Working Professional,"""4-6""",Laptop/Computer,3,"Snapchat, Twitch, Telegram",YouTube,"Yes, ofcourse.","Yes, even though I know that's a bad routine.","Social Media, Entertainment","Posting Content, Liking, Sharing and Commenting, Shopping",No,Sometimes,No,"Ads and Pop-ups, Trending posts or updates, Messages (Text, Emails, Chats)",No,No,Unaware
122,55+,Student,"""4-6""",Smartphone,4 +,"Instagram, Snapchat, Pinterest",Instagram,"Yes, ofcourse.",No,"Studying/Work, Gaming","Posting Content, Watching Videos, Liking, Sharing and Commenting, Shopping",Yes,Often,No,"Messages (Text, Emails, Chats), Trending posts or updates, Ads and Pop-ups",No,Yes,Moderately Aware
123,18-24,Student,"""6-8""",Smartphone,4 +,"LinkedIn, Spotify, Facebook, Pinterest",Instagram,"Yes, ofcourse.",No,"Gaming, Entertainment, Shopping","Posting Content, Shopping, Watching Videos, Liking, Sharing and Commenting",No,Rarely,No,Ads and Pop-ups,No,Yes,Moderately Aware
124,18-24,Student,More than 8,Smartphone,3,"Whatsapp, Snapchat, Telegram",Instagram,"Yes, ofcourse.",No,"News, Entertainment, Gaming","Watching Videos, Shopping, Posting Content",Yes,Often,Yes,"Suggested videos or content, Ads and Pop-ups",No,Yes,Unaware
125,18-24,Working Professional,"""2-4""",Smartphone,4 +,"Instagram, X",Spotify,"Yes, ofcourse.","Yes, even though I know that's a bad routine.","Gaming, News","Liking, Sharing and Commenting, Posting Content",Yes,Sometimes,Yes,"Suggested videos or content, Messages (Text, Emails, Chats), Trending posts or updates",No,Yes,Highly Aware
126,55+,Student,More than 8,Smartphone,4 +,"Twitch, Instagram, YouTube, Telegram",Whatsapp,"Yes, ofcourse.","Yes, even though I know that's a bad routine.","Shopping, Gaming, Social Media","Liking, Sharing and Commenting, Watching Videos, Posting Content",No,Sometimes,Yes,"Suggested videos or content, Ads and Pop-ups",No,Yes,Unaware
127,18-24,Student,"""6-8""",Smartphone,4 +,"Telegram, Facebook",Instagram,"Yes, ofcourse.",No,"News, Social Media, Shopping","Posting Content, Liking, Sharing and Commenting, Watching Videos",Yes,Often,Yes,Suggested videos or content,No,No,Unaware
128,18-24,Student,More than 8,Laptop/Computer,3,"Whatsapp, Reddit, Telegram, Pinterest",Instagram,"No, it's too difficult.",No,"Shopping, Studying/Work","Shopping, Watching Videos",Yes,Rarely,Yes,"Social Media notifications, Trending posts or updates, Ads and Pop-ups",No,Yes,Unaware
129,18-24,Student,"""2-4""",Smartphone,3,"LinkedIn, Telegram",Instagram,"Yes, ofcourse.",No,"Social Media, Entertainment, Gaming","Liking, Sharing and Commenting, Shopping, Posting Content, Watching Videos",No,Sometimes,No,"Messages (Text, Emails, Chats), Trending posts or updates",No,Yes,Highly Aware
130,25-34,Student,"""2-4""",Smartphone,4 +,"Spotify, Telegram",Instagram,"No, it's too difficult.",No,"Gaming, Shopping","Shopping, Liking, Sharing and Commenting, Posting Content",No,Sometimes,Yes,"Suggested videos or content, Trending posts or updates, Ads and Pop-ups",No,Yes,Highly Aware
131,18-24,Student,"""4-6""",Smartphone,4 +,"Facebook, Whatsapp",Instagram,"No, it's too difficult.",No,"Shopping, Entertainment","Liking, Sharing and Commenting, Watching Videos, Posting Content",No,Often,No,"Messages (Text, Emails, Chats)",No,Yes,Moderately Aware
132,18-24,Working Professional,"""4-6""",Smartphone,2,"Reddit, Tiktok, Instagram",Instagram,"No, it's too difficult.",No,"Studying/Work, Gaming, News","Liking, Sharing and Commenting, Watching Videos, Shopping",Yes,Often,Yes,"Messages (Text, Emails, Chats), Ads and Pop-ups",No,Yes,Moderately Aware
133,25-34,Student,"""2-4""",Smartphone,3,"Tiktok, Telegram, Instagram, YouTube",YouTube,"Yes, ofcourse.","Yes, even though I know that's a bad routine.","Studying/Work, Shopping","Posting Content, Watching Videos, Liking, Sharing and Commenting, Shopping",No,Sometimes,No,"Ads and Pop-ups, Suggested videos or content, Messages (Text, Emails, Chats)",No,Yes,Highly Aware
134,18-24,Student,Less than 2,Smartphone,4 +,"Instagram, Tiktok, Twitch",Instagram,"Yes, ofcourse.",No,"Shopping, News, Social Media","Liking, Sharing and Commenting, Posting Content, Watching Videos, Shopping",Yes,Sometimes,Yes,"Trending posts or updates, Messages (Text, Emails, Chats), Ads and Pop-ups",No,Yes,Highly Aware
135,25-34,Student,"""2-4""",Smartphone,4 +,"Spotify, X",Spotify,"No, it's too difficult.",No,"Gaming, News","Liking, Sharing and Commenting, Watching Videos, Posting Content",No,Often,No,"Ads and Pop-ups, Suggested videos or content, Messages (Text, Emails, Chats)",No,Yes,Highly Aware
136,18-24,Working Professional,"""4-6""",Smartphone,3,"Pinterest, Twitch",Instagram,"No, it's too difficult.",No,"Studying/Work, News, Shopping","Liking, Sharing and Commenting, Shopping, Watching Videos",Yes,Sometimes,Yes,"Trending posts or updates, Suggested videos or content, Social Media notifications",No,Yes,Moderately Aware
137,25-34,Student,"""6-8""",Smartphone,4 +,"YouTube, Pinterest",Instagram,"No, it's too difficult.",No,"Shopping, News, Gaming","Watching Videos, Liking, Sharing and Commenting",Yes,Very Often,No,Suggested videos or content,Yes,No,Unaware
138,18-24,Student,More than 8,Smartphone,3,"Telegram, Instagram, Spotify, LinkedIn",Instagram,"Yes, ofcourse.",No,"Shopping, Entertainment","Liking, Sharing and Commenting, Shopping",No,Sometimes,No,Ads and Pop-ups,No,Yes,Unaware
139,18-24,Working Professional,"""4-6""",Smartphone,3,"X, Reddit",Instagram,"Yes, ofcourse.","Yes, even though I know that's a bad routine.","Gaming, Studying/Work, Social Media","Liking, Sharing and Commenting, Posting Content",No,Often,Yes,"Trending posts or updates, Messages (Text, Emails, Chats)",No,Yes,Moderately Aware
140,25-34,Working Professional,"""4-6""",Smartphone,3,"Whatsapp, Facebook, Tiktok, Instagram",Spotify,"Yes, ofcourse.",No,"Social Media, Gaming","Posting Content, Shopping",Yes,Sometimes,No,Suggested videos or content,No,Yes,Moderately Aware
141,18-24,Student,"""2-4""",Smartphone,4 +,"Tiktok, Pinterest",Instagram,"Yes, ofcourse.",No,"Shopping, Studying/Work, Social Media","Watching Videos, Shopping",No,Rarely,Yes,Trending posts or updates,No,Yes,Highly Aware
142,25-34,Student,Less than 2,Smartphone,3,"LinkedIn, Spotify, Whatsapp",Spotify,"Yes, ofcourse.",No,"Entertainment, Studying/Work, Social Media","Watching Videos, Liking, Sharing and Commenting",Yes,Sometimes,Yes,"Ads and Pop-ups, Trending posts or updates, Suggested videos or content",No,Yes,Highly Aware
143,18-24,Student,"""2-4""",Smartphone,4 +,"Reddit, Telegram, Facebook",YouTube,"Yes, ofcourse.",No,"Gaming, News, Social Media","Watching Videos, Posting Content, Liking, Sharing and Commenting, Shopping",No,Never,No,"Social Media notifications, Trending posts or updates, Ads and Pop-ups",Yes,No,Moderately Aware
144,25-34,Working Professional,"""4-6""",Laptop/Computer,4 +,"Tiktok, Instagram, LinkedIn, Telegram",Instagram,"Yes, ofcourse.","Yes, even though I know that's a bad routine.","Gaming, Social Media, Entertainment","Watching Videos, Posting Content, Shopping",Yes,Sometimes,No,"Ads and Pop-ups, Social Media notifications",No,Yes,Moderately Aware
145,25-34,Student,"""6-8""",Smartphone,4 +,"Tiktok, Facebook, Whatsapp",YouTube,"Yes, ofcourse.","Yes, even though I know that's a bad routine.","Social Media, Entertainment, Shopping","Watching Videos, Posting Content",No,Sometimes,Yes,Ads and Pop-ups,No,Yes,Moderately Aware
146,18-24,Student,"""4-6""",Smartphone,3,"Tiktok, Pinterest, Twitch, Reddit",YouTube,"No, it's too difficult.",No,"Entertainment, Gaming, Shopping","Posting Content, Shopping, Watching Videos",No,Often,No,"Ads and Pop-ups, Social Media notifications, Trending posts or updates",No,Yes,Moderately Aware
147,18-24,Student,"""4-6""",Laptop/Computer,2,"X, YouTube",Snapchat,"No, it's too difficult.","Yes, even though I know that's a bad routine.","Gaming, Entertainment","Watching Videos, Liking, Sharing and Commenting",No,Often,Yes,Social Media notifications,No,Yes,Moderately Aware
148,18-24,Student,"""4-6""",Laptop/Computer,2,"Tiktok, Reddit",YouTube,"Yes, ofcourse.",No,"News, Shopping","Liking, Sharing and Commenting, Watching Videos, Shopping",No,Often,Yes,"Trending posts or updates, Social Media notifications",No,Yes,Moderately Aware
149,18-24,Working Professional,"""4-6""",Smartphone,4 +,"Spotify, Snapchat, Whatsapp",Instagram,"Yes, ofcourse.","Yes, even though I know that's a bad routine.","News, Entertainment, Shopping","Posting Content, Shopping, Liking, Sharing and Commenting, Watching Videos",No,Sometimes,No,Suggested videos or content,No,Yes,Moderately Aware
150,18-24,Working Professional,"""2-4""",Smartphone,4 +,"Reddit, Instagram, Tiktok",YouTube,"No, it's too difficult.",No,"Studying/Work, Entertainment","Watching Videos, Posting Content",No,Often,Yes,"Messages (Text, Emails, Chats), Social Media notifications, Suggested videos or content",No,Yes,Highly Aware
151,55+,Student,"""4-6""",Smartphone,2,"Instagram, Snapchat, YouTube",Reddit,"No, it's too difficult.",No,"News, Gaming, Shopping","Liking, Sharing and Commenting, Posting Content",No,Often,Yes,Trending posts or updates,No,No,Unaware
152,25-34,Student,"""4-6""",Smartphone,4 +,"Snapchat, Twitch, LinkedIn",Snapchat,"No, it's too difficult.",No,"Studying/Work, Gaming","Watching Videos, Liking, Sharing and Commenting",No,Rarely,No,"Suggested videos or content, Trending posts or updates, Messages (Text, Emails, Chats)",No,Yes,Moderately Aware
153,18-24,Student,Less than 2,Smartphone,3,"Spotify, Tiktok",Instagram,"No, it's too difficult.","Yes, even though I know that's a bad routine.","News, Shopping, Gaming","Posting Content, Shopping, Liking, Sharing and Commenting, Watching Videos",Yes,Very Often,Yes,"Ads and Pop-ups, Trending posts or updates, Messages (Text, Emails, Chats)",No,No,Moderately Aware
154,18-24,Student,"""2-4""",Smartphone,3,"Whatsapp, X",YouTube,"Yes, ofcourse.",No,"News, Social Media","Liking, Sharing and Commenting, Shopping, Posting Content",No,Sometimes,Yes,"Messages (Text, Emails, Chats), Suggested videos or content",No,Yes,Highly Aware
155,18-24,Student,"""4-6""",Smartphone,3,"Whatsapp, Facebook, X",Instagram,"No, it's too difficult.","Yes, even though I know that's a bad routine.","News, Gaming, Entertainment","Watching Videos, Shopping",No,Often,No,"Suggested videos or content, Ads and Pop-ups, Messages (Text, Emails, Chats)",No,Yes,Moderately Aware
156,18-24,Working Professional,More than 8,Smartphone,3,"Twitch, LinkedIn",Instagram,"Yes, ofcourse.",No,"Studying/Work, Shopping","Watching Videos, Shopping, Posting Content",Yes,Often,Yes,"Messages (Text, Emails, Chats), Trending posts or updates, Social Media notifications",No,Yes,Unaware
157,18-24,Student,"""2-4""",Smartphone,4 +,"Tiktok, Whatsapp, Spotify",YouTube,"Yes, ofcourse.",No,"Gaming, Social Media","Watching Videos, Liking, Sharing and Commenting, Shopping, Posting Content",Yes,Often,Yes,"Suggested videos or content, Ads and Pop-ups",No,Yes,Highly Aware
158,25-34,Student,"""2-4""",Smartphone,4 +,"Instagram, Twitch, Whatsapp, Spotify",YouTube,"Yes, ofcourse.",No,"Entertainment, Social Media, Shopping","Posting Content, Watching Videos, Shopping, Liking, Sharing and Commenting",No,Often,Yes,"Suggested videos or content, Ads and Pop-ups, Messages (Text, Emails, Chats)",No,Yes,Highly Aware
159,18-24,Student,"""2-4""",Smartphone,2,"Spotify, Snapchat",Spotify,"No, it's too difficult.","Yes, even though I know that's a bad routine.","Studying/Work, Gaming, News","Liking, Sharing and Commenting, Watching Videos, Shopping, Posting Content",No,Very Often,No,Social Media notifications,No,Yes,Highly Aware
160,18-24,Student,"""2-4""",Laptop/Computer,2,"Twitch, Telegram, YouTube",Spotify,"Yes, ofcourse.",No,"Entertainment, Studying/Work, Social Media","Watching Videos, Shopping",No,Often,Yes,"Social Media notifications, Messages (Text, Emails, Chats)",No,Yes,Highly Aware
161,18-24,Student,"""4-6""",Smartphone,4 +,"Snapchat, LinkedIn, Whatsapp, Instagram",Instagram,"Yes, ofcourse.","Yes, even though I know that's a bad routine.","Shopping, Entertainment, Social Media","Liking, Sharing and Commenting, Posting Content, Shopping",No,Often,No,"Ads and Pop-ups, Suggested videos or content, Messages (Text, Emails, Chats)",No,Yes,Moderately Aware
162,18-24,Student,"""2-4""",Smartphone,3,"Whatsapp, YouTube, Telegram",YouTube,"No, it's too difficult.","Yes, even though I know that's a bad routine.","Social Media, Gaming","Liking, Sharing and Commenting, Watching Videos",Yes,Often,No,"Trending posts or updates, Social Media notifications, Ads and Pop-ups",No,Yes,Highly Aware
163,25-34,Working Professional,More than 8,Smartphone,4 +,"YouTube, Twitch, Reddit, Snapchat",Instagram,"Yes, ofcourse.",No,"Gaming, Studying/Work, Entertainment","Watching Videos, Posting Content, Liking, Sharing and Commenting, Shopping",No,Often,No,"Trending posts or updates, Suggested videos or content",No,Yes,Unaware
164,18-24,Student,"""4-6""",Laptop/Computer,3,"Facebook, Twitch, Whatsapp",Spotify,"Yes, ofcourse.",No,"Entertainment, Gaming","Liking, Sharing and Commenting, Posting Content, Shopping, Watching Videos",No,Often,No,"Suggested videos or content, Ads and Pop-ups, Messages (Text, Emails, Chats)",No,Yes,Moderately Aware
165,18-24,Student,Less than 2,Smartphone,4 +,"Pinterest, Whatsapp, Tiktok, Instagram",Twitch,"Yes, ofcourse.","Yes, even though I know that's a bad routine.","Studying/Work, Shopping","Liking, Sharing and Commenting, Shopping, Posting Content, Watching Videos",Yes,Sometimes,Yes,Ads and Pop-ups,No,Yes,Highly Aware
166,18-24,Student,Less than 2,Smartphone,3,"Instagram, Whatsapp",Spotify,"No, it's too difficult.","Yes, even though I know that's a bad routine.","Gaming, Social Media, Entertainment","Watching Videos, Shopping, Posting Content, Liking, Sharing and Commenting",Yes,Rarely,Yes,"Messages (Text, Emails, Chats), Social Media notifications, Trending posts or updates",No,Yes,Highly Aware
167,25-34,Student,"""4-6""",Smartphone,3,"Reddit, Snapchat, Pinterest, YouTube",YouTube,"Yes, ofcourse.",No,"Gaming, News, Entertainment","Shopping, Watching Videos, Liking, Sharing and Commenting",No,Often,No,Ads and Pop-ups,No,Yes,Moderately Aware
168,18-24,Working Professional,"""4-6""",Smartphone,4 +,"Snapchat, LinkedIn",YouTube,"Yes, ofcourse.","Yes, even though I know that's a bad routine.","Gaming, Shopping, Social Media","Watching Videos, Posting Content, Liking, Sharing and Commenting, Shopping",No,Very Often,Yes,"Social Media notifications, Messages (Text, Emails, Chats), Ads and Pop-ups",No,No,Unaware
169,18-24,Student,"""2-4""",Smartphone,3,"Telegram, LinkedIn, Spotify, Reddit",YouTube,"No, it's too difficult.","Yes, even though I know that's a bad routine.","Shopping, Entertainment","Shopping, Posting Content, Liking, Sharing and Commenting",No,Often,No,Suggested videos or content,No,Yes,Highly Aware
170,25-34,Working Professional,"""2-4""",Smartphone,2,"Reddit, Tiktok",Spotify,"No, it's too difficult.","Yes, even though I know that's a bad routine.","Studying/Work, Entertainment, Shopping","Liking, Sharing and Commenting, Watching Videos",No,Sometimes,No,"Trending posts or updates, Suggested videos or content, Messages (Text, Emails, Chats)",No,No,Moderately Aware
171,25-34,Working Professional,Less than 2,Smartphone,4 +,"Tiktok, Snapchat, YouTube, Pinterest",Facebook,"Yes, ofcourse.","Yes, even though I know that's a bad routine.","Social Media, Entertainment, Studying/Work","Liking, Sharing and Commenting, Posting Content, Shopping, Watching Videos",Yes,Often,No,Trending posts or updates,No,No,Moderately Aware
172,18-24,Student,More than 8,Tablet/iPad,4 +,"Instagram, Spotify, Snapchat",YouTube,"Yes, ofcourse.",No,"Gaming, Shopping","Posting Content, Liking, Sharing and Commenting, Watching Videos, Shopping",No,Sometimes,No,"Suggested videos or content, Social Media notifications, Trending posts or updates",No,No,Unaware
173,25-34,Student,"""4-6""",Smartphone,4 +,"Snapchat, YouTube, Instagram, Reddit",Instagram,"No, it's too difficult.","Yes, even though I know that's a bad routine.","Gaming, Social Media","Posting Content, Shopping",No,Rarely,Yes,Ads and Pop-ups,No,Yes,Moderately Aware
174,25-34,Student,"""2-4""",Smartphone,3,"Tiktok, Telegram, Spotify, X",Instagram,"No, it's too difficult.","Yes, even though I know that's a bad routine.","Studying/Work, News","Liking, Sharing and Commenting, Shopping, Watching Videos, Posting Content",No,Sometimes,Yes,"Ads and Pop-ups, Trending posts or updates",No,Yes,Highly Aware
175,18-24,Student,"""6-8""",Smartphone,2,"Whatsapp, YouTube, LinkedIn",Instagram,"Yes, ofcourse.","Yes, even though I know that's a bad routine.","Shopping, Studying/Work, Entertainment","Posting Content, Watching Videos, Shopping, Liking, Sharing and Commenting",No,Sometimes,Yes,"Messages (Text, Emails, Chats)",No,No,Unaware
176,25-34,Working Professional,"""4-6""",Smartphone,4 +,"X, Telegram, Instagram",Instagram,"No, it's too difficult.",No,"Social Media, Shopping","Posting Content, Shopping, Watching Videos",No,Rarely,No,"Messages (Text, Emails, Chats), Trending posts or updates, Social Media notifications",No,Yes,Moderately Aware
177,18-24,Student,More than 8,Smartphone,2,"Snapchat, Tiktok, LinkedIn",Whatsapp,"Yes, ofcourse.","Yes, even though I know that's a bad routine.","Gaming, Social Media, Studying/Work","Shopping, Liking, Sharing and Commenting",No,Often,Yes,"Suggested videos or content, Social Media notifications",No,Yes,Unaware
178,18-24,Student,"""2-4""",Smartphone,3,"Pinterest, Twitch, Telegram, Whatsapp",YouTube,"Yes, ofcourse.","Yes, even though I know that's a bad routine.","Shopping, News, Social Media","Watching Videos, Liking, Sharing and Commenting, Posting Content, Shopping",Yes,Sometimes,No,"Suggested videos or content, Social Media notifications, Ads and Pop-ups",No,Yes,Highly Aware
179,18-24,Student,"""2-4""",Smartphone,4 +,"Tiktok, Twitch",YouTube,"No, it's too difficult.",No,"Gaming, Shopping","Watching Videos, Liking, Sharing and Commenting, Shopping",No,Sometimes,No,"Trending posts or updates, Social Media notifications",No,Yes,Highly Aware
180,18-24,Student,"""4-6""",Smartphone,3,"Twitch, Telegram, Whatsapp",Instagram,"Yes, ofcourse.",No,"Shopping, Gaming, Studying/Work","Posting Content, Liking, Sharing and Commenting, Watching Videos, Shopping",No,Sometimes,No,"Suggested videos or content, Social Media notifications, Ads and Pop-ups",No,No,Unaware
181,25-34,Student,"""4-6""",Smartphone,2,"Tiktok, Spotify, X",Facebook,"No, it's too difficult.",No,"Social Media, Studying/Work","Shopping, Watching Videos, Posting Content, Liking, Sharing and Commenting",No,Sometimes,Yes,"Ads and Pop-ups, Messages (Text, Emails, Chats), Suggested videos or content",No,Yes,Moderately Aware
182,25-34,Student,"""6-8""",Smartphone,3,"Whatsapp, Pinterest",Instagram,"No, it's too difficult.","Yes, even though I know that's a bad routine.","Shopping, News","Liking, Sharing and Commenting, Shopping",No,Often,Yes,"Social Media notifications, Ads and Pop-ups, Messages (Text, Emails, Chats)",No,Yes,Moderately Aware
183,18,Student,"""2-4""",Smartphone,3,"Twitch, X, Pinterest, Telegram",YouTube,"Yes, ofcourse.",No,"Social Media, Shopping","Liking, Sharing and Commenting, Posting Content, Shopping",No,Very Often,No,"Messages (Text, Emails, Chats)",Yes,Yes,Highly Aware
184,18-24,Student,"""2-4""",Laptop/Computer,2,"Facebook, Snapchat, Spotify, Whatsapp",Instagram,"Yes, ofcourse.",No,"Social Media, Shopping","Liking, Sharing and Commenting, Posting Content, Shopping",No,Sometimes,Yes,"Messages (Text, Emails, Chats)",No,Yes,Highly Aware
185,18-24,Working Professional,"""6-8""",Smartphone,3,"Instagram, X, Snapchat, Twitch",YouTube,"Yes, ofcourse.",No,"News, Social Media","Watching Videos, Shopping, Posting Content, Liking, Sharing and Commenting",No,Often,Yes,"Trending posts or updates, Social Media notifications",No,Yes,Moderately Aware
186,18-24,Student,More than 8,Smartphone,4 +,"LinkedIn, Instagram",Spotify,"No, it's too difficult.",No,"Social Media, Entertainment, Shopping","Posting Content, Shopping, Watching Videos",No,Sometimes,Yes,Social Media notifications,No,Yes,Unaware
187,18-24,Student,"""2-4""",Smartphone,4 +,"Snapchat, Tiktok",YouTube,"No, it's too difficult.",No,"Entertainment, Gaming","Watching Videos, Posting Content, Liking, Sharing and Commenting, Shopping",No,Very Often,Yes,"Ads and Pop-ups, Social Media notifications, Suggested videos or content",No,Yes,Highly Aware
188,18-24,Student,"""4-6""",Smartphone,2,"Telegram, Twitch",YouTube,"Yes, ofcourse.","Yes, even though I know that's a bad routine.","News, Entertainment","Watching Videos, Posting Content, Liking, Sharing and Commenting, Shopping",Yes,Rarely,Yes,Suggested videos or content,No,Yes,Moderately Aware
189,45-54,Student,Less than 2,Laptop/Computer,3,"X, Telegram, Whatsapp, Facebook",YouTube,"Yes, ofcourse.","Yes, even though I know that's a bad routine.","Gaming, Shopping, Social Media","Liking, Sharing and Commenting, Posting Content, Watching Videos",Yes,Sometimes,Yes,Social Media notifications,Yes,Yes,Highly Aware
190,18-24,Working Professional,"""4-6""",Laptop/Computer,4 +,"Pinterest, Facebook",Instagram,"Yes, ofcourse.","Yes, even though I know that's a bad routine.","Studying/Work, Shopping, Gaming","Posting Content, Shopping, Watching Videos",No,Sometimes,No,"Messages (Text, Emails, Chats), Social Media notifications",No,Yes,Moderately Aware
191,18-24,Student,"""2-4""",Smartphone,3,"Twitch, Telegram, Pinterest, Snapchat",Instagram,"Yes, ofcourse.",No,"Studying/Work, Gaming","Liking, Sharing and Commenting, Watching Videos, Shopping",No,Rarely,Yes,"Messages (Text, Emails, Chats)",No,Yes,Highly Aware
192,18-24,Student,"""2-4""",Laptop/Computer,3,"Spotify, LinkedIn, Tiktok, Pinterest",Instagram,"No, it's too difficult.","Yes, even though I know that's a bad routine.","News, Studying/Work, Shopping","Shopping, Watching Videos, Posting Content, Liking, Sharing and Commenting",Yes,Sometimes,No,"Ads and Pop-ups, Messages (Text, Emails, Chats), Social Media notifications",No,Yes,Highly Aware
193,18-24,Student,More than 8,Laptop/Computer,3,"Instagram, Telegram, Whatsapp, Snapchat",Instagram,"Yes, ofcourse.",No,"Shopping, News, Gaming","Watching Videos, Shopping",No,Sometimes,No,Trending posts or updates,Yes,Yes,Unaware
194,18-24,Student,"""4-6""",Smartphone,2,"LinkedIn, Spotify, Telegram",YouTube,"No, it's too difficult.","Yes, even though I know that's a bad routine.","News, Social Media, Entertainment","Liking, Sharing and Commenting, Shopping, Watching Videos, Posting Content",Yes,Never,No,"Trending posts or updates, Suggested videos or content, Ads and Pop-ups",Yes,Yes,Moderately Aware
195,18-24,Student,"""2-4""",Smartphone,4 +,"Snapchat, Reddit",YouTube,"Yes, ofcourse.",No,"Shopping, Entertainment","Shopping, Liking, Sharing and Commenting, Posting Content, Watching Videos",Yes,Rarely,No,"Messages (Text, Emails, Chats)",Yes,No,Moderately Aware
196,18-24,Student,"""4-6""",Smartphone,4 +,"Whatsapp, Facebook, Tiktok, Pinterest",Instagram,"Yes, ofcourse.",No,"Social Media, Entertainment","Watching Videos, Shopping, Posting Content, Liking, Sharing and Commenting",No,Sometimes,Yes,"Suggested videos or content, Ads and Pop-ups",No,Yes,Moderately Aware
197,18,Working Professional,"""2-4""",Smartphone,3,"YouTube, Tiktok",Reddit,"No, it's too difficult.","Yes, even though I know that's a bad routine.","Social Media, Entertainment, Shopping","Watching Videos, Liking, Sharing and Commenting",Yes,Often,No,"Trending posts or updates, Messages (Text, Emails, Chats), Suggested videos or content",No,Yes,Highly Aware
198,25-34,Student,"""2-4""",Smartphone,3,"YouTube, X, Tiktok",Instagram,"Yes, ofcourse.",No,"Social Media, Entertainment","Watching Videos, Shopping, Posting Content, Liking, Sharing and Commenting",Yes,Sometimes,Yes,"Social Media notifications, Ads and Pop-ups, Trending posts or updates",No,Yes,Highly Aware
199,18-24,Student,Less than 2,Laptop/Computer,3,"Instagram, Tiktok, Twitch, YouTube",YouTube,"No, it's too difficult.",No,"Shopping, News, Gaming","Liking, Sharing and Commenting, Watching Videos",No,Sometimes,Yes,"Messages (Text, Emails, Chats)",Yes,Yes,Highly Aware
0,18-24,Student,Less than 2,Laptop/Computer,2,"YouTube, Spotify, Snapchat",Instagram,"Yes, ofcourse.","Yes, even though I know that's a bad routine.",Entertainment,Shopping,No,Sometimes,No,Ads and Pop-ups,Yes,Yes,Highly Aware
1,18-24,Student,"""6-8""",Laptop/Computer,2,"Spotify, Reddit, Twitch, X (Formerly Twitter)",Instagram,"Yes, ofcourse.",No,"Social Media, Studying/Work, Shopping","Watching Videos, Liking, Sharing and Commenting",No,Often,Yes,"Social Media notifications, Ads and Pop-ups",Yes,Yes,Moderately Aware
2,25-34,Freelancer,"""2-4""",Tablet/iPad,3,"YouTube, Instagram, Spotify",Spotify,"Yes, ofcourse.",No,"Studying/Work, Shopping",Shopping,Yes,Rarely,Yes,"Ads and Pop-ups, Suggested videos or content",Yes,Yes,Highly Aware
3,18-24,Student,"""2-4""",Smartphone,4 +,Instagram,Instagram,"No, it's too difficult.","Yes, even though I know that's a bad routine.",Entertainment,"Watching Videos, Liking, Sharing and Commenting, Posting Content, Shopping",No,Rarely,No,"Messages (Text, Emails, Chats)",No,Yes,Highly Aware
4,18,Student,"""6-8""",Smartphone,3,"YouTube, Instagram, Snapchat, LinkedIn, Pinterest",Instagram,"No, it's too difficult.",No,"Entertainment, Social Media, Studying/Work","Watching Videos, Liking, Sharing and Commenting, Posting Content, Shopping",No,Often,No,"Social Media notifications, Suggested videos or content",No,Yes,Moderately Aware
5,18-24,Student,"""6-8""",Smartphone,3,"YouTube, Instagram, Snapchat, LinkedIn, Pinterest",Instagram,"No, it's too difficult.","Yes, even though I know that's a bad routine.","Entertainment, Social Media, Studying/Work, Shopping, News","Watching Videos, Liking, Sharing and Commenting, Posting Content",Yes,Very Often,No,"Social Media notifications, Messages (Text, Emails, Chats), Suggested videos or content, Trending posts or updates",No,Yes,Moderately Aware
6,18-24,Student,"""6-8""",Smartphone,4 +,"YouTube, Spotify, X (Formerly Twitter)",YouTube,"Yes, ofcourse.",No,"Entertainment, Studying/Work",Watching Videos,Yes,Sometimes,Yes,Suggested videos or content,No,Yes,Moderately Aware
7,18-24,Student,"""2-4""",Smartphone,3,"YouTube, Instagram, Spotify, Snapchat",YouTube,"Yes, ofcourse.","Yes, even though I know that's a bad routine.","Entertainment, Studying/Work",Watching Videos,No,Sometimes,Yes,"Social Media notifications, Messages (Text, Emails, Chats)",No,Yes,Highly Aware
8,18,Student,"""2-4""",Smartphone,4 +,"YouTube, Instagram, Spotify, LinkedIn",Spotify,"Yes, ofcourse.","Yes, even though I know that's a bad routine.","Entertainment, Social Media, Studying/Work",Watching Videos,No,Often,No,Suggested videos or content,No,No,Moderately Aware
9,18,Student,"""2-4""",Smartphone,4 +,"YouTube, Instagram, Spotify, LinkedIn",YouTube,"Yes, ofcourse.",No,"Entertainment, Studying/Work, Gaming",Watching Videos,No,Sometimes,No,"Messages (Text, Emails, Chats)",No,Yes,Highly Aware
10,18,Student,"""4-6""",Smartphone,2,"YouTube, Pinterest",YouTube,"Yes, ofcourse.",No,"Entertainment, Studying/Work, Shopping, Gaming",Watching Videos,Yes,Often,Yes,"Social Media notifications, Ads and Pop-ups, Suggested videos or content",No,Yes,Moderately Aware
11,18-24,Student,"""4-6""",Laptop/Computer,4 +,"YouTube, Spotify, LinkedIn",YouTube,"No, it's too difficult.",No,"Entertainment, Studying/Work",Watching Videos,No,Sometimes,Yes,"Messages (Text, Emails, Chats)",No,Yes,Moderately Aware
12,18,Student,"""6-8""",Smartphone,2,"YouTube, Instagram, Spotify",Instagram,"No, it's too difficult.",No,Entertainment,"Watching Videos, Shopping",No,Often,Yes,Social Media notifications,No,Yes,Moderately Aware
13,18-24,Student,"""4-6""",Smartphone,4 +,"YouTube, Instagram, Spotify, LinkedIn",YouTube,"Yes, ofcourse.","Yes, even though I know that's a bad routine.","Entertainment, Social Media, Studying/Work","Watching Videos, Liking, Sharing and Commenting",No,Sometimes,No,"Social Media notifications, Trending posts or updates",No,Yes,Moderately Aware
14,18-24,Student,"""4-6""",Smartphone,4 +,"YouTube, Instagram, Spotify, Snapchat, Pinterest",Instagram,"Yes, ofcourse.","Yes, even though I know that's a bad routine.","Entertainment, Studying/Work, Shopping, News","Watching Videos, Posting Content",No,Very Often,Yes,"Messages (Text, Emails, Chats)",No,Yes,Moderately Aware
15,18-24,Student,"""2-4""",Laptop/Computer,3,"YouTube, Instagram, LinkedIn",Instagram,"Yes, ofcourse.",No,"Entertainment, Social Media, Studying/Work, Shopping","Liking, Sharing and Commenting",Yes,Sometimes,No,"Social Media notifications, Ads and Pop-ups, Messages (Text, Emails, Chats)",No,Yes,Highly Aware
16,18,Student,Less than 2,Laptop/Computer,2,"YouTube, LinkedIn",YouTube,"Yes, ofcourse.",No,"Entertainment, Studying/Work",Watching Videos,Yes,Rarely,No,Ads and Pop-ups,No,No,Moderately Aware
17,18,Student,"""2-4""",Laptop/Computer,4 +,"YouTube, LinkedIn",YouTube,"Yes, ofcourse.",No,"Entertainment, Studying/Work","Watching Videos, Posting Content",No,Sometimes,No,Trending posts or updates,No,Yes,Highly Aware
18,18-24,Student,"""6-8""",Smartphone,3,"YouTube, Instagram, Spotify, LinkedIn",Instagram,"Yes, ofcourse.","Yes, even though I know that's a bad routine.","Entertainment, Social Media, Studying/Work, Shopping",Watching Videos,No,Sometimes,No,"Social Media notifications, Messages (Text, Emails, Chats)",No,Yes,Moderately Aware
19,18-24,Student,"""2-4""",Smartphone,3,"YouTube, Instagram, Spotify, Reddit, LinkedIn, Pinterest",Instagram,"No, it's too difficult.","Yes, even though I know that's a bad routine.","Entertainment, Social Media, Studying/Work, Shopping, News",Watching Videos,Yes,Often,Yes,"Social Media notifications, Suggested videos or content, Trending posts or updates",No,Yes,Highly Aware
20,18-24,Student,"""6-8""",Smartphone,4 +,"YouTube, Instagram, Snapchat",YouTube,"No, it's too difficult.",No,"Entertainment, Social Media, Studying/Work","Watching Videos, Liking, Sharing and Commenting",No,Often,Yes,"Social Media notifications, Messages (Text, Emails, Chats), Suggested videos or content, Trending posts or updates",No,Yes,Moderately Aware
21,18,Student,"""2-4""",Smartphone,4 +,"YouTube, Instagram, Spotify",Instagram,"No, it's too difficult.",No,Social Media,Watching Videos,Yes,Often,No,Social Media notifications,No,No,Moderately Aware
22,18-24,Student,"""4-6""",Smartphone,4 +,"YouTube, Instagram, Spotify, LinkedIn, Pinterest",Instagram,"No, it's too difficult.","Yes, even though I know that's a bad routine.","Entertainment, Social Media, Studying/Work, Shopping","Watching Videos, Shopping",No,Very Often,Yes,"Social Media notifications, Messages (Text, Emails, Chats), Trending posts or updates",No,Yes,Moderately Aware
23,18,Student,"""2-4""",Smartphone,3,"YouTube, Instagram, LinkedIn",YouTube,"Yes, ofcourse.","Yes, even though I know that's a bad routine.","Social Media, Studying/Work",Watching Videos,No,Often,Yes,"Messages (Text, Emails, Chats)",No,Yes,Highly Aware
24,18-24,Student,More than 8,Laptop/Computer,2,"YouTube, Instagram, Spotify, Reddit, Whatsapp ",Whatsapp ,"No, it's too difficult.",No,"Entertainment, Studying/Work",Watching Videos,No,Sometimes,No,"Messages (Text, Emails, Chats)",No,Yes,Unaware
25,18-24,Student,"""4-6""",Smartphone,2,"YouTube, Reddit, LinkedIn, Pinterest, youtube music , whatasapp",YouTube,"Yes, ofcourse.",No,"Entertainment, Studying/Work, Shopping, News, Gaming","Watching Videos, Shopping",No,Rarely,No,"Messages (Text, Emails, Chats)",No,Yes,Moderately Aware
26,18-24,Student,"""6-8""",Smartphone,4 +,"YouTube, Instagram, Spotify, Pinterest, Tumblr",Instagram,"Yes, ofcourse.",No,"Entertainment, Social Media",Watching Videos,No,Sometimes,Yes,Suggested videos or content,No,Yes,Moderately Aware
27,18,Student,"""6-8""",Laptop/Computer,3,"YouTube, Instagram, Spotify, Pinterest",Spotify,"No, it's too difficult.",No,"Studying/Work, Gaming",Watching Videos,Yes,Sometimes,Yes,"Messages (Text, Emails, Chats), Trending posts or updates",No,Yes,Moderately Aware
28,18,Student,Less than 2,Smartphone,2,"YouTube, Whatsapp",YouTube,"No, it's too difficult.",No,"Entertainment, Social Media, Studying/Work, News",Watching Videos,No,Sometimes,No,"Social Media notifications, Messages (Text, Emails, Chats), Trending posts or updates",No,Yes,Highly Aware
29,18-24,Student,"""4-6""",Smartphone,3,"YouTube, Instagram, Spotify, Snapchat",Instagram,"No, it's too difficult.","Yes, even though I know that's a bad routine.","Entertainment, Social Media, Studying/Work, Shopping","Watching Videos, Liking, Sharing and Commenting, Posting Content",No,Sometimes,No,"Social Media notifications, Messages (Text, Emails, Chats), Suggested videos or content, Trending posts or updates",No,Yes,Moderately Aware
30,18-24,Student,"""6-8""",Smartphone,4 +,"YouTube, Instagram, Spotify, Reddit, Pinterest",Instagram,"No, it's too difficult.",No,"Entertainment, Social Media, Studying/Work, Shopping, News","Watching Videos, Liking, Sharing and Commenting",No,Often,No,"Social Media notifications, Messages (Text, Emails, Chats)",No,Yes,Moderately Aware
31,18,Student,"""4-6""",Smartphone,4 +,"YouTube, Instagram, Spotify, Pinterest",Instagram,"Yes, ofcourse.","Yes, even though I know that's a bad routine.","Entertainment, Social Media, Studying/Work",Watching Videos,No,Often,Yes,"Social Media notifications, Messages (Text, Emails, Chats)",No,Yes,Moderately Aware
32,18,Student,Less than 2,Smartphone,4 +,"Instagram, Spotify, LinkedIn, Pinterest",Spotify,"Yes, ofcourse.",No,"Entertainment, Studying/Work","Liking, Sharing and Commenting, Posting Content",No,Sometimes,Yes,"Social Media notifications, Messages (Text, Emails, Chats)",No,Yes,Highly Aware
33,18-24,Student,"""4-6""",Smartphone,4 +,"YouTube, Instagram, Spotify, LinkedIn",Instagram,"Yes, ofcourse.","Yes, even though I know that's a bad routine.","Social Media, Studying/Work",Watching Videos,No,Often,Yes,"Social Media notifications, Ads and Pop-ups, Messages (Text, Emails, Chats)",No,Yes,Moderately Aware
34,18-24,Student,"""4-6""",Smartphone,3,"YouTube, Spotify, LinkedIn",YouTube,"No, it's too difficult.","Yes, even though I know that's a bad routine.","Entertainment, Social Media, Studying/Work, Shopping, News",Watching Videos,No,Often,Yes,"Social Media notifications, Suggested videos or content, Trending posts or updates",No,Yes,Moderately Aware
35,18-24,Student,"""4-6""",Laptop/Computer,4 +,"YouTube, Instagram, Spotify, Snapchat, LinkedIn, Pinterest",Instagram,"No, it's too difficult.",No,"Entertainment, Studying/Work, Shopping","Watching Videos, Liking, Sharing and Commenting, Shopping",No,Often,No,"Messages (Text, Emails, Chats), Suggested videos or content, Trending posts or updates",No,Yes,Moderately Aware
36,18,Student,"""4-6""",Smartphone,3,"Spotify, LinkedIn, Facebook, Chrome",Spotify,"No, it's too difficult.",No,"Entertainment, Studying/Work",Listening to music,No,Sometimes,Yes,"Social Media notifications, Messages (Text, Emails, Chats)",No,Yes,Moderately Aware
37,18-24,Working Professional,"""4-6""",Tablet/iPad,3,"Snapchat, Reddit, Facebook",Instagram,"No, it's too difficult.","Yes, even though I know that's a bad routine.","Entertainment, Social Media, Studying/Work, Shopping","Watching Videos, Liking, Sharing and Commenting, Posting Content, Shopping",Yes,Sometimes,Yes,Social Media notifications,Yes,Yes,Moderately Aware
38,18-24,Student,"""2-4""",Smartphone,4 +,"YouTube, Instagram, Spotify, Snapchat, LinkedIn",Instagram,"Yes, ofcourse.",No,"Entertainment, Social Media, Studying/Work, Shopping, News","Watching Videos, Liking, Sharing and Commenting",Yes,Sometimes,No,"Ads and Pop-ups, Trending posts or updates",No,Yes,Highly Aware
39,18-24,Student,"""2-4""",Smartphone,3,"YouTube, Instagram, Spotify, Snapchat, LinkedIn, Pinterest",Instagram,"No, it's too difficult.",No,"Entertainment, Social Media, Studying/Work, Shopping, News","Watching Videos, Shopping",No,Sometimes,Yes,"Social Media notifications, Messages (Text, Emails, Chats)",No,Yes,Highly Aware
40,18-24,Student,More than 8,Smartphone,4 +,"YouTube, Instagram, Spotify, Snapchat",YouTube,"No, it's too difficult.","Yes, even though I know that's a bad routine.","Entertainment, Social Media, Studying/Work","Watching Videos, Liking, Sharing and Commenting",No,Sometimes,No,Social Media notifications,No,Yes,Unaware
41,18-24,Student,"""6-8""",Smartphone,4 +,"YouTube, Instagram, Pinterest",Instagram,"Yes, ofcourse.",No,"Entertainment, Social Media, Studying/Work, Shopping, Gaming","Watching Videos, Liking, Sharing and Commenting",No,Sometimes,No,"Social Media notifications, Messages (Text, Emails, Chats)",No,Yes,Moderately Aware
42,18-24,Student,"""4-6""",Smartphone,4 +,"YouTube, Instagram, Spotify, Snapchat, LinkedIn, Pinterest",YouTube,"Yes, ofcourse.","Yes, even though I know that's a bad routine.","Entertainment, Social Media, Studying/Work",Watching Videos,No,Often,Yes,"Social Media notifications, Messages (Text, Emails, Chats)",Yes,Yes,Moderately Aware
43,55+,Working Professional,"""4-6""",Smartphone,4 +,"Instagram, X (Formerly Twitter), Facebook, WhatsApp ",WhatsApp ,"No, it's too difficult.","Yes, even though I know that's a bad routine.","Studying/Work, News","Liking, Sharing and Commenting",No,Often,No,"Ads and Pop-ups, Suggested videos or content, Trending posts or updates",No,No,Unaware
44,45-54,Working Professional,"""2-4""",Laptop/Computer,3,"LinkedIn, Facebook, Whatsapp",Facebook,"Yes, ofcourse.","Yes, even though I know that's a bad routine.","Entertainment, Social Media, Studying/Work","Watching Videos, Liking, Sharing and Commenting",No,Rarely,No,"None, I kept notifications off",No,Yes,Highly Aware
45,18-24,Student,Less than 2,Smartphone,4 +,"Instagram, Spotify, LinkedIn",Instagram,"Yes, ofcourse.",No,"Entertainment, Social Media, Studying/Work, Shopping, News","Watching Videos, Liking, Sharing and Commenting",Yes,Sometimes,No,"Messages (Text, Emails, Chats)",No,Yes,Highly Aware
46,18-24,Working Professional,"""4-6""",Smartphone,3,"YouTube, Snapchat",YouTube,"No, it's too difficult.",No,"Entertainment, Studying/Work",Watching Videos,No,Very Often,Yes,Suggested videos or content,No,Yes,Moderately Aware
47,18-24,Student,"""2-4""",Smartphone,3,"YouTube, Spotify, Pinterest",Spotify,"Yes, ofcourse.",No,"Entertainment, Studying/Work",Watching Videos,Yes,Sometimes,Yes,"Messages (Text, Emails, Chats)",No,Yes,Highly Aware
48,18-24,Student,"""4-6""",Laptop/Computer,2,"YouTube, Spotify, Reddit, X (Formerly Twitter), LinkedIn, Pinterest",YouTube,"No, it's too difficult.",No,"Entertainment, Studying/Work, Shopping","Watching Videos, Shopping",No,Rarely,Rarely,"Social Media notifications, Ads and Pop-ups, Messages (Text, Emails, Chats), Suggested videos or content",No,Yes,Moderately Aware
49,18-24,Student,Less than 2,Smartphone,4 +,"YouTube, Instagram, Spotify, LinkedIn",Instagram,"Yes, ofcourse.","Yes, even though I know that's a bad routine.","Entertainment, Social Media, Studying/Work, Shopping, News","Watching Videos, Liking, Sharing and Commenting",No,Sometimes,No,"Ads and Pop-ups, Messages (Text, Emails, Chats)",No,No,Moderately Aware
50,18-24,Student,Less than 2,Smartphone,2,"YouTube, Spotify, LinkedIn",YouTube,"Yes, ofcourse.","Yes, even though I know that's a bad routine.","Entertainment, Studying/Work",Watching Videos,No,Very Often,No,"Social Media notifications, Messages (Text, Emails, Chats), Suggested videos or content",No,Yes,Highly Aware
51,45-54,Working Professional,Less than 2,Smartphone,2,"Instagram, Whatsapp, Telegram",Instagram,"Yes, ofcourse.",No,"Social Media, Studying/Work",Watching Videos,No,Rarely,Yes,"Social Media notifications, Ads and Pop-ups, Messages (Text, Emails, Chats)",No,No,Moderately Aware
52,35-44,Working Professional,Less than 2,Smartphone,3,"YouTube, Instagram, LinkedIn, Facebook",LinkedIn,"Yes, ofcourse.",No,"Social Media, Studying/Work, News",Posting Content,No,Rarely,No,"Ads and Pop-ups, Trending posts or updates",No,No,Moderately Aware
53,18-24,Student,"""2-4""",Smartphone,4 +,"YouTube, Instagram",Instagram,"Yes, ofcourse.","Yes, even though I know that's a bad routine.","Entertainment, Social Media, Studying/Work, News","Watching Videos, Liking, Sharing and Commenting",No,Very Often,Yes,"Suggested videos or content, Trending posts or updates",No,Yes,Highly Aware
54,18-24,Student,Less than 2,Smartphone,3,"YouTube, Instagram, LinkedIn, Facebook",Instagram,"Yes, ofcourse.",No,"Entertainment, Social Media, Studying/Work, News",Watching Videos,No,Sometimes,No,"Social Media notifications, Ads and Pop-ups, Messages (Text, Emails, Chats)",No,Yes,Highly Aware
55,18-24,Student,Less than 2,Laptop/Computer,4 +,"Spotify, Reddit, LinkedIn, Pinterest",Spotify,"Yes, ofcourse.",No,"Entertainment, Studying/Work",Listening to music and interacting with my friends ,No,Often,No,"Messages (Text, Emails, Chats)",No,Yes,Highly Aware
56,35-44,Working Professional,"""2-4""",Smartphone,4 +,"YouTube, Instagram, LinkedIn, Facebook",YouTube,"Yes, ofcourse.",No,"Entertainment, Social Media, Studying/Work, News",Watching Videos,No,Rarely,No,Trending posts or updates,No,No,Moderately Aware
57,55+,Working Professional,"""2-4""",Smartphone,3,"YouTube, Spotify, LinkedIn",YouTube,"No, it's too difficult.",No,"Entertainment, Social Media, Studying/Work, Shopping","Watching Videos, Liking, Sharing and Commenting, Posting Content, Shopping",No,Often,No,"Social Media notifications, Messages (Text, Emails, Chats)",No,Yes,Highly Aware
58,18-24,Student,Less than 2,Laptop/Computer,2,"YouTube, LinkedIn",YouTube,"Yes, ofcourse.",No,Studying/Work,Watching Videos,No,Rarely,No,"Messages (Text, Emails, Chats), Suggested videos or content",No,Yes,Highly Aware
59,18-24,Student,More than 8,Smartphone,3,"YouTube, Instagram, Snapchat",Instagram,"No, it's too difficult.","Yes, even though I know that's a bad routine.","Entertainment, Social Media, Studying/Work","Watching Videos, Shopping",No,Very Often,Yes,"Social Media notifications, Suggested videos or content",No,Yes,Unaware
60,18-24,Student,"""2-4""",Smartphone,3,"YouTube, Instagram, Spotify, Snapchat",Instagram,"No, it's too difficult.","Yes, even though I know that's a bad routine.","Entertainment, Social Media, Studying/Work, Shopping",Watching Videos,Yes,Often,No,"Social Media notifications, Ads and Pop-ups, Suggested videos or content",No,Yes,Highly Aware
61,18-24,Student,"""6-8""",Smartphone,4 +,"YouTube, Instagram, Spotify, LinkedIn, Pinterest",Instagram,"Yes, ofcourse.","Yes, even though I know that's a bad routine.","Entertainment, Social Media, Studying/Work, Shopping, News","Watching Videos, Shopping",No,Sometimes,No,"Social Media notifications, Ads and Pop-ups, Trending posts or updates",No,Yes,Moderately Aware
62,18-24,Student,"""4-6""",Smartphone,3,"YouTube, Instagram, Spotify, LinkedIn",YouTube,"No, it's too difficult.",No,"Entertainment, Studying/Work",Watching Videos,No,Often,No,"Messages (Text, Emails, Chats), Suggested videos or content",No,Yes,Moderately Aware
63,45-54,Working Professional,Less than 2,Laptop/Computer,1,YouTube,YouTube,"Yes, ofcourse.",No,Studying/Work,Watching Videos,No,Sometimes,No,Ads and Pop-ups,No,Yes,Highly Aware
64,18-24,Student,"""4-6""",Smartphone,4 +,"YouTube, Instagram, Spotify, Snapchat, LinkedIn",YouTube,"No, it's too difficult.","Yes, even though I know that's a bad routine.","Entertainment, Social Media, Studying/Work, News",Watching Videos,No,Often,No,"Ads and Pop-ups, Messages (Text, Emails, Chats), Suggested videos or content",Yes,Yes,Moderately Aware
65,18,Student,"""2-4""",Laptop/Computer,4 +,"YouTube, Instagram, Spotify",Gdp,"No, it's too difficult.",No,"Entertainment, Studying/Work, Shopping, News","Liking, Sharing and Commenting, Shopping",Yes,Sometimes,Yes,"Ads and Pop-ups, Trending posts or updates",No,No,Moderately Aware
66,18-24,Student,"""6-8""",Smartphone,3,"YouTube, LinkedIn, WhatsApp ",YouTube,"No, it's too difficult.","Yes, even though I know that's a bad routine.","Entertainment, Social Media, Studying/Work, Shopping, News",Watching Videos,No,Often,Yes,"Messages (Text, Emails, Chats), Suggested videos or content",No,Yes,Moderately Aware
67,18-24,Student,"""6-8""",Laptop/Computer,2,"YouTube, Spotify, LinkedIn",YouTube,"Yes, ofcourse.",No,"Entertainment, Studying/Work, News","Watching Videos, Liking, Sharing and Commenting, Shopping",No,Sometimes,No,"Messages (Text, Emails, Chats)",No,Yes,Moderately Aware
68,18-24,Student,"""4-6""",Smartphone,3,WhatsApp ,YouTube,"Yes, ofcourse.","Yes, even though I know that's a bad routine.","Entertainment, Social Media, Studying/Work",Watching Videos,No,Often,Yes,"Messages (Text, Emails, Chats)",No,No,Unaware
69,18-24,Student,"""4-6""",Smartphone,3,"YouTube, Instagram, Spotify, LinkedIn",Spotify,"Yes, ofcourse.",No,"Entertainment, Studying/Work, News",Watching Videos,No,Sometimes,Yes,"Actually i off all the notification of whatsapp,instagram  etc ..",No,Yes,Moderately Aware
70,45-54,Working Professional,Less than 2,Smartphone,1,Facebook,Facebook,"Yes, ofcourse.",No,Studying/Work,Science and Technology,No,Rarely,No,"Messages (Text, Emails, Chats)",No,Yes,Highly Aware
71,18-24,Working Professional,"""2-4""",Smartphone,4 +,"YouTube, Instagram, Spotify, Pinterest",Instagram,"Yes, ofcourse.","Yes, even though I know that's a bad routine.","Entertainment, Social Media, Shopping, News","Watching Videos, Liking, Sharing and Commenting, Posting Content, Shopping",Yes,Often,Yes,"Social Media notifications, Ads and Pop-ups, Messages (Text, Emails, Chats), Trending posts or updates",No,Yes,Highly Aware
72,18-24,Student,"""4-6""",Smartphone,4 +,"YouTube, Instagram, Whatsapp ",Instagram,"Yes, ofcourse.","Yes, even though I know that's a bad routine.","Entertainment, Social Media, Studying/Work",Watching Videos,Yes,Sometimes,Yes,"Messages (Text, Emails, Chats)",Yes,Yes,Moderately Aware
73,18-24,Student,"""2-4""",Smartphone,4 +,"Instagram, Spotify, LinkedIn, Pinterest",Instagram,"No, it's too difficult.","Yes, even though I know that's a bad routine.","Entertainment, Studying/Work, Shopping",Watching Videos,No,Often,No,"Messages (Text, Emails, Chats)",No,Yes,Highly Aware
74,18-24,Student,"""2-4""",Smartphone,2,"YouTube, WhatsApp ",YouTube,"Yes, ofcourse.","Yes, even though I know that's a bad routine.",Entertainment,Watching Videos,No,Sometimes,No,"Messages (Text, Emails, Chats)",No,Yes,Highly Aware
75,18-24,Student,"""6-8""",Smartphone,2,"YouTube, Instagram, Spotify, LinkedIn",Instagram,"Yes, ofcourse.","Yes, even though I know that's a bad routine.","Entertainment, Social Media, Studying/Work, Shopping, News","Watching Videos, Liking, Sharing and Commenting, Shopping",No,Often,Yes,"Social Media notifications, Ads and Pop-ups",No,Yes,Moderately Aware
76,18-24,Student,"""2-4""",Smartphone,4 +,"YouTube, Instagram, Spotify, Snapchat, LinkedIn",Instagram,"No, it's too difficult.","Yes, even though I know that's a bad routine.","Entertainment, Social Media, Studying/Work","Watching Videos, Liking, Sharing and Commenting",No,Often,No,"Social Media notifications, Messages (Text, Emails, Chats), Suggested videos or content",No,Yes,Highly Aware
77,18-24,Student,"""4-6""",Smartphone,3,"YouTube, Instagram, Spotify",Instagram,"Yes, ofcourse.",No,"Entertainment, Social Media, Studying/Work, News","Watching Videos, Posting Content",Yes,Often,No,"Social Media notifications, Messages (Text, Emails, Chats)",No,Yes,Moderately Aware
78,18-24,Student,"""4-6""",Smartphone,2,"YouTube, Instagram, Spotify, What's app ",YouTube,"No, it's too difficult.",No,"Entertainment, Social Media, Studying/Work","Watching Videos, Liking, Sharing and Commenting, Shopping",No,Sometimes,Yes,"Social Media notifications, Suggested videos or content",No,Yes,Moderately Aware
79,18-24,Student,More than 8,Smartphone,4 +,"Instagram, Spotify, Pinterest",Instagram,"No, it's too difficult.","Yes, even though I know that's a bad routine.","Entertainment, Social Media, News","Watching Videos, Liking, Sharing and Commenting, Posting Content",Yes,Very Often,No,"Messages (Text, Emails, Chats)",No,Yes,Unaware
80,25-34,Working Professional,"""2-4""",Smartphone,3,"YouTube, Instagram, LinkedIn",YouTube,"No, it's too difficult.","Yes, even though I know that's a bad routine.","Entertainment, Studying/Work",Watching Videos,No,Rarely,No,Suggested videos or content,No,Yes,Highly Aware
81,25-34,Working Professional,"""6-8""",Smartphone,4 +,"YouTube, Instagram, Spotify",Instagram,"No, it's too difficult.","Yes, even though I know that's a bad routine.","Entertainment, Social Media, Studying/Work, Gaming","Watching Videos, Liking, Sharing and Commenting",Yes,Often,Yes,"Social Media notifications, Messages (Text, Emails, Chats)",No,Yes,Moderately Aware
82,18-24,Student,Less than 2,Smartphone,3,"YouTube, Instagram",Instagram,"Yes, ofcourse.",No,"Entertainment, Social Media, Studying/Work","Watching Videos, Liking, Sharing and Commenting",No,Sometimes,Yes,"Social Media notifications, Messages (Text, Emails, Chats)",No,Yes,Highly Aware
83,18-24,Student,"""2-4""",Smartphone,2,YouTube,YouTube,"Yes, ofcourse.",No,"Entertainment, Social Media, Studying/Work",Watching Videos,No,Sometimes,No,"Messages (Text, Emails, Chats)",No,No,Moderately Aware
84,18-24,Student,"""2-4""",Smartphone,3,"YouTube, Instagram, Spotify",YouTube,"No, it's too difficult.","Yes, even though I know that's a bad routine.","Entertainment, Studying/Work",Watching Videos,No,Sometimes,No,"Messages (Text, Emails, Chats)",No,Yes,Highly Aware
85,18-24,Student,"""4-6""",Smartphone,3,"YouTube, Spotify",YouTube,"Yes, ofcourse.",No,Entertainment,Watching Videos,No,Sometimes,No,Suggested videos or content,No,Yes,Moderately Aware
86,18-24,Student,"""4-6""",Smartphone,2,"YouTube, Instagram, Spotify, Pinterest",Instagram,"Yes, ofcourse.","Yes, even though I know that's a bad routine.","Entertainment, Social Media, Studying/Work, Shopping, Gaming","Watching Videos, Posting Content",Yes,Sometimes,Yes,Not distracted until I actually open insta,No,No,Unaware
87,18-24,Student,"""4-6""",Smartphone,3,"YouTube, Spotify, Pinterest",YouTube,"Yes, ofcourse.",No,"Entertainment, Studying/Work",Watching Videos,Yes,Sometimes,No,"Messages (Text, Emails, Chats), Suggested videos or content",No,Yes,Moderately Aware
88,18,Student,Less than 2,Smartphone,2,"YouTube, LinkedIn",LinkedIn,"Yes, ofcourse.","Yes, even though I know that's a bad routine.","Entertainment, Studying/Work",Watching Videos,No,Rarely,No,"Messages (Text, Emails, Chats)",No,Yes,Highly Aware
89,18-24,Student,"""6-8""",Smartphone,4 +,Instagram,Spotify,"Yes, ofcourse.",No,"Entertainment, Social Media, Studying/Work, Shopping, News, Gaming","Watching Videos, Liking, Sharing and Commenting, Shopping",No,Sometimes,No,"Social Media notifications, Ads and Pop-ups, Messages (Text, Emails, Chats)",No,No,Unaware
90,18-24,Student,"""4-6""",Smartphone,4 +,"YouTube, Instagram, Spotify, Snapchat, LinkedIn",Instagram,"No, it's too difficult.","Yes, even though I know that's a bad routine.","Entertainment, Social Media, Studying/Work, Shopping",Watching Videos,Yes,Sometimes,No,"Ads and Pop-ups, Messages (Text, Emails, Chats)",No,Yes,Moderately Aware
91,18-24,Student,"""4-6""",Smartphone,2,"YouTube, Instagram, Spotify",YouTube,"No, it's too difficult.",No,"Entertainment, Social Media, Studying/Work",Watching Videos,Yes,Often,Yes,"Messages (Text, Emails, Chats), Suggested videos or content, Trending posts or updates",No,Yes,Moderately Aware
92,18-24,Student,More than 8,Smartphone,4 +,"YouTube, Instagram, Spotify, LinkedIn",Instagram,"Yes, ofcourse.",No,"Entertainment, Social Media, Studying/Work",Watching Videos,No,Often,No,"Social Media notifications, Messages (Text, Emails, Chats)",No,Yes,Unaware
93,18-24,Student,"""2-4""",Smartphone,3,"YouTube, Instagram, LinkedIn, Pinterest",Instagram,"No, it's too difficult.",No,"Entertainment, Social Media, Studying/Work",Watching Videos,No,Rarely,No,Trending posts or updates,No,Yes,Highly Aware
94,18,Student,"""4-6""",Smartphone,4 +,"YouTube, Instagram, Spotify, X (Formerly Twitter), LinkedIn, Pinterest",X (Formerly Twitter),"No, it's too difficult.","Yes, even though I know that's a bad routine.","Entertainment, Social Media","Watching Videos, Liking, Sharing and Commenting",Yes,Sometimes,No,Suggested videos or content,No,Yes,Moderately Aware
95,18,Student,"""4-6""",Laptop/Computer,4 +,"YouTube, Instagram, Spotify, Reddit",YouTube,"No, it's too difficult.","Yes, even though I know that's a bad routine.","Entertainment, Studying/Work",Watching Videos,No,Often,Yes,"Messages (Text, Emails, Chats)",No,Yes,Moderately Aware
96,18-24,Student,"""2-4""",Smartphone,4 +,"YouTube, Instagram, Spotify, Reddit, Twitch, X (Formerly Twitter), Pinterest",YouTube,"Yes, ofcourse.","Yes, even though I know that's a bad routine.","Entertainment, Social Media",Watching Videos,Yes,Often,Yes,Suggested videos or content,Yes,Yes,Highly Aware
97,18-24,Student,"""6-8""",Laptop/Computer,4 +,"YouTube, Instagram, LinkedIn, Pinterest",YouTube,"Yes, ofcourse.","Yes, even though I know that's a bad routine.","Entertainment, Studying/Work",Watching Videos,No,Often,No,"Messages (Text, Emails, Chats)",No,Yes,Moderately Aware
98,35-44,Working Professional,"""4-6""",Laptop/Computer,2,"YouTube, Instagram, LinkedIn, Facebook",Instagram,"No, it's too difficult.",No,"Entertainment, Studying/Work, News","Watching Videos, Liking, Sharing and Commenting",No,Rarely,Yes,"Social Media notifications, Trending posts or updates",No,No,Unaware
99,18-24,Student,"""6-8""",Smartphone,4 +,"YouTube, Instagram, Spotify, Snapchat",Instagram,"No, it's too difficult.","Yes, even though I know that's a bad routine.","Entertainment, Social Media, Studying/Work, Shopping, Gaming","Watching Videos, Liking, Sharing and Commenting, Shopping",No,Often,No,"Social Media notifications, Messages (Text, Emails, Chats)",No,Yes,Moderately Aware
100,18-24,Student,"""6-8""",Smartphone,4 +,"YouTube, Instagram, Spotify, Snapchat",Instagram,"No, it's too difficult.","Yes, even though I know that's a bad routine.","Entertainment, Social Media, Studying/Work, Gaming","Watching Videos, Liking, Sharing and Commenting",No,Often,No,"Messages (Text, Emails, Chats)",No,Yes,Moderately Aware
101,18-24,Student,"""2-4""",Smartphone,4 +,"YouTube, Instagram, Reddit, LinkedIn",YouTube,"Yes, ofcourse.",No,"Entertainment, Social Media, Studying/Work, News",Watching Videos,No,Sometimes,Yes,"Social Media notifications, Messages (Text, Emails, Chats)",No,Yes,Highly Aware
102,18-24,Student,"""2-4""",Smartphone,4 +,"YouTube, Instagram, Spotify, Snapchat, WhatsApp ",Instagram,"No, it's too difficult.","Yes, even though I know that's a bad routine.","Entertainment, Social Media, Studying/Work",Watching Videos,No,Often,No,"Social Media notifications, Ads and Pop-ups, Messages (Text, Emails, Chats), Suggested videos or content, Trending posts or updates",No,Yes,Highly Aware
103,18-24,Student,"""6-8""",Smartphone,4 +,"YouTube, Instagram, Snapchat, Whatsapp",Instagram,"Yes, ofcourse.","Yes, even though I know that's a bad routine.","Entertainment, Social Media, Studying/Work, Gaming","Watching Videos, Chatting",No,Very Often,No,"Social Media notifications, Ads and Pop-ups, Messages (Text, Emails, Chats), Suggested videos or content, Trending posts or updates",No,Yes,Moderately Aware
104,45-54,Working Professional,Less than 2,Laptop/Computer,2,YouTube,YouTube,"Yes, ofcourse.",No,"Studying/Work, Shopping","Watching Videos, Posting Content",No,Never,No,Social Media notifications,No,No,Moderately Aware
105,18-24,Student,"""2-4""",Smartphone,4 +,"Instagram, X (Formerly Twitter), LinkedIn, Pinterest",Instagram,"Yes, ofcourse.",No,"Entertainment, Social Media, Studying/Work, News","Watching Videos, Liking, Sharing and Commenting",No,Often,Yes,"Suggested videos or content, Trending posts or updates",No,Yes,Highly Aware
106,18,Student,"""4-6""",Smartphone,4 +,"YouTube, Instagram, Spotify, X (Formerly Twitter)",Instagram,"Yes, ofcourse.","Yes, even though I know that's a bad routine.","Entertainment, Social Media, Studying/Work","Watching Videos, Liking, Sharing and Commenting",No,Often,No,Trending posts or updates,No,Yes,Moderately Aware
107,55+,Freelancer,More than 8,Laptop/Computer,4 +,"YouTube, X (Formerly Twitter), LinkedIn, Facebook",YouTube,"No, it's too difficult.",No,"Entertainment, Social Media, Studying/Work","Watching Videos, Liking, Sharing and Commenting",No,Often,Yes,Social Media notifications,Yes,Yes,Unaware
108,18-24,Student,"""4-6""",Smartphone,3,"YouTube, Instagram, Spotify, Snapchat",Instagram,"Yes, ofcourse.","Yes, even though I know that's a bad routine.","Entertainment, Shopping",Watching Videos,Yes,Sometimes,No,"Messages (Text, Emails, Chats)",No,Yes,Moderately Aware
109,45-54,Working Professional,Less than 2,Smartphone,3,"YouTube, LinkedIn, Facebook",Facebook,"Yes, ofcourse.","Yes, even though I know that's a bad routine.",Studying/Work,Watching Videos,No,Sometimes,No,Trending posts or updates,No,Yes,Highly Aware
